year,X712011,X712012,X712021,X712022,X712031,X712032,X712041,X712042,X712051,X712052,X712061,X712062,X712071,X712072,X712081,X712082,X712091,X712092,X712101,X712102,X712111,X712121,X712122
1698,NA,NA,NA,NA,NA,NA,NA,NA,NA,NA,NA,NA,NA,NA,NA,NA,NA,NA,NA,NA,NA,NA,6.788667565142183
1699,NA,NA,NA,NA,NA,NA,NA,NA,NA,NA,NA,NA,NA,NA,NA,NA,NA,NA,NA,NA,NA,NA,15.273166844692138
1700,NA,NA,NA,NA,NA,NA,NA,NA,NA,NA,NA,NA,NA,NA,NA,NA,NA,NA,NA,NA,NA,NA,24.26283422293933
1701,NA,NA,NA,NA,NA,NA,NA,NA,NA,NA,NA,NA,NA,NA,NA,NA,NA,NA,NA,NA,NA,NA,21.896900795520857
1702,NA,NA,NA,NA,NA,NA,NA,NA,NA,NA,NA,NA,NA,NA,NA,NA,NA,NA,12.44102106748094,NA,NA,NA,28.896369227718914
1703,NA,NA,NA,NA,NA,NA,NA,NA,NA,NA,NA,NA,NA,NA,NA,NA,NA,NA,30.335218663063042,NA,NA,NA,23.255639618198444
1704,NA,NA,NA,NA,NA,NA,NA,NA,NA,NA,NA,NA,NA,NA,NA,NA,NA,NA,70.32109579868856,NA,NA,NA,45.6687040867041
1705,NA,NA,NA,NA,NA,NA,NA,NA,NA,NA,NA,NA,NA,NA,NA,NA,NA,NA,99.69184551709955,NA,NA,NA,56.15659700144827
1706,NA,NA,NA,NA,NA,NA,NA,NA,NA,NA,NA,NA,NA,NA,NA,NA,NA,NA,103.25786733818931,13.331662584773646,NA,NA,51.2733053807083
1707,NA,NA,NA,NA,NA,NA,NA,NA,NA,NA,NA,NA,NA,NA,NA,NA,NA,NA,82.26794434175983,19.64752045555057,NA,NA,65.66933955651817
1708,NA,NA,NA,NA,NA,NA,NA,NA,NA,NA,NA,NA,NA,NA,NA,NA,NA,NA,154.8971682630408,51.31728767785855,NA,NA,90.91109405031605
1709,NA,NA,NA,NA,NA,NA,NA,NA,NA,NA,NA,NA,NA,NA,NA,NA,NA,NA,107.30769442793192,44.38316437285517,NA,NA,107.43115901921797
1710,NA,NA,NA,NA,NA,NA,NA,NA,NA,NA,NA,NA,NA,NA,NA,NA,NA,NA,180.32616167899272,111.29908789431775,NA,NA,158.1100750698671
1711,NA,NA,NA,NA,NA,NA,NA,NA,NA,NA,NA,NA,NA,NA,NA,NA,NA,NA,156.7742698735607,67.92877299297994,NA,NA,89.6663950409638
1712,NA,NA,NA,NA,NA,NA,NA,NA,NA,NA,NA,NA,NA,NA,NA,NA,NA,NA,248.98378416760548,165.06838863830313,NA,NA,169.17099448462605
1713,NA,NA,NA,NA,NA,NA,NA,NA,NA,NA,NA,NA,NA,NA,NA,NA,NA,NA,178.70509986974037,127.913086483562,NA,NA,123.10487892724285
1714,NA,NA,NA,NA,NA,NA,NA,NA,NA,NA,NA,NA,NA,NA,NA,NA,NA,NA,265.621658861017,190.34281569569836,NA,NA,169.06795024558832
1715,NA,NA,NA,NA,NA,NA,NA,NA,NA,NA,NA,NA,NA,NA,NA,NA,NA,4.675946505603048,154.99864170575177,107.10066347206036,NA,NA,134.88270978555096
1716,NA,NA,NA,NA,NA,NA,NA,NA,NA,NA,NA,NA,NA,NA,NA,NA,NA,36.039094284920665,305.6496333382006,185.0297541999473,NA,NA,210.3585308102497
1717,NA,NA,NA,NA,NA,NA,NA,NA,NA,NA,NA,NA,NA,NA,NA,NA,NA,59.572450693696446,405.5544788372136,251.09870434200212,NA,NA,251.03932824084924
1718,NA,NA,NA,NA,NA,NA,NA,NA,NA,NA,NA,NA,NA,NA,NA,NA,NA,91.82843910516428,403.7860763325079,280.0943478975745,NA,NA,331.77637448251477
1719,NA,NA,NA,NA,NA,NA,NA,NA,NA,NA,NA,NA,NA,NA,NA,NA,NA,102.25884087434778,414.8108674317506,391.58067471404615,NA,NA,380.68029068388563
1720,NA,NA,NA,NA,NA,NA,NA,NA,NA,NA,NA,NA,NA,NA,NA,NA,NA,106.06550869270252,422.3070216624811,355.89061137293936,NA,NA,309.9168586395716
1721,NA,NA,NA,NA,NA,NA,NA,NA,NA,NA,NA,NA,NA,NA,NA,NA,NA,87.29700586162637,488.86543193996516,407.27512913358476,NA,NA,295.6816740076256
1722,NA,NA,NA,NA,NA,NA,3.529893505573492,NA,NA,NA,NA,NA,NA,NA,NA,NA,NA,87.36549258147463,430.3947377898827,391.63816585960683,NA,NA,366.81769894065536
1723,NA,NA,NA,NA,NA,NA,7.338760438785757,NA,NA,NA,NA,NA,NA,NA,NA,NA,NA,96.39505818642242,512.3230759657894,390.0161615725585,NA,NA,426.9748000271848
1724,NA,NA,NA,NA,NA,NA,8.297888675926723,NA,NA,NA,NA,NA,NA,NA,NA,NA,NA,65.84149883393489,309.5100223909318,238.34792223887723,NA,NA,276.64739243805576
1725,NA,NA,NA,NA,NA,NA,10.829698195454734,NA,NA,NA,NA,NA,NA,NA,NA,NA,NA,88.1584305672407,342.8508027456842,295.78314745033657,NA,NA,408.3281909910681
1726,NA,NA,NA,NA,NA,NA,16.570016292094003,NA,NA,NA,NA,NA,NA,NA,NA,NA,NA,167.64889284396182,482.57125105849804,382.39622859127644,NA,NA,589.9128746870888
1727,NA,NA,NA,NA,NA,NA,17.617737442066204,NA,NA,NA,NA,NA,NA,NA,NA,NA,NA,142.16240828244923,569.3203631613384,392.08584281274346,NA,NA,498.4136744920208
1728,NA,NA,NA,NA,NA,NA,22.73633435256005,NA,NA,NA,NA,NA,NA,NA,NA,NA,NA,150.39683678677346,553.77482023358,416.2971549161639,NA,NA,515.4926287939961
1729,NA,NA,NA,NA,NA,NA,19.49295409699395,NA,NA,NA,NA,NA,NA,NA,NA,NA,NA,115.61532204108478,445.06974539333135,257.9891595091206,NA,NA,444.60824543251897
1730,NA,NA,NA,NA,NA,NA,22.66879011050787,NA,NA,NA,NA,NA,NA,NA,NA,NA,NA,137.2326210904361,451.42518733154344,283.05749808844035,NA,10.86865394435925,423.979291431987
1731,NA,NA,NA,NA,NA,NA,20.48915312744727,NA,NA,NA,NA,NA,NA,NA,NA,NA,NA,165.52172045821612,334.34965302507015,196.29173554453604,NA,39.14581526005562,323.47754332879197
1732,NA,NA,NA,NA,NA,NA,23.393555535691036,NA,NA,NA,NA,NA,NA,NA,NA,NA,NA,232.8070952757409,401.72173579983405,345.6933157786522,NA,73.49064862689531,509.7598505197255
1733,NA,NA,NA,NA,NA,NA,28.097148056645672,NA,NA,NA,NA,NA,NA,NA,NA,NA,NA,269.300778017636,469.69354861216823,346.6430192378324,NA,91.35751436639117,474.53380041355405
1734,NA,NA,NA,NA,NA,NA,30.75022305260225,NA,NA,NA,NA,NA,NA,NA,NA,NA,NA,246.2807578484568,509.9668814755972,358.8214031594733,NA,87.47199257243132,484.95100749359233
1735,NA,NA,NA,NA,NA,NA,37.57187734060714,NA,NA,NA,NA,NA,NA,NA,NA,NA,NA,320.5696851686293,607.3779307261905,349.8477579037593,NA,144.79223549276927,615.767553907602
1736,NA,NA,NA,NA,NA,NA,36.04035092198211,NA,NA,NA,NA,NA,NA,NA,NA,NA,NA,287.0787366850353,557.2871208202935,377.0652600173999,NA,143.37977543571532,522.3497830789867
1737,NA,NA,NA,NA,NA,NA,33.06463436050186,NA,NA,NA,NA,NA,NA,NA,NA,NA,NA,315.6179068280411,536.74016238802,476.4225259168921,NA,165.23520720820875,499.86917436842873
1738,NA,NA,NA,NA,NA,NA,43.02725298356581,NA,NA,NA,NA,NA,NA,NA,NA,NA,NA,300.9510673654917,494.13953768681176,473.9799376287261,NA,159.6708183001705,426.44983989477
1739,NA,NA,NA,NA,NA,NA,26.049143805770495,NA,NA,NA,NA,NA,NA,NA,NA,NA,NA,390.2998473891775,536.3782509143265,528.1014109091789,NA,206.7956505818135,598.2669978715147
1740,NA,NA,NA,NA,NA,NA,32.8406388043009,NA,NA,NA,NA,NA,NA,NA,NA,NA,NA,294.5155148146131,560.1334037644457,459.48965567330856,NA,155.88237171920662,462.0403147487581
1741,NA,NA,NA,NA,NA,NA,54.40264582294908,NA,NA,NA,NA,NA,NA,NA,NA,NA,NA,290.29195765112695,530.2405213470081,456.28837275930056,NA,148.55712012883123,415.6616107223427
1742,NA,NA,NA,NA,NA,NA,44.32001836051801,NA,NA,NA,NA,NA,NA,NA,NA,NA,NA,259.8134823630602,412.9233985654737,320.8989240787255,NA,195.03729759795758,386.5556972646293
1743,NA,NA,NA,NA,NA,NA,50.51680986972387,NA,NA,NA,NA,NA,NA,NA,NA,NA,NA,330.8439497829293,674.0975047068039,473.95794648015095,NA,365.4429379954444,539.629799310792
1744,NA,NA,NA,NA,NA,NA,43.82521751757761,NA,NA,NA,NA,NA,NA,NA,NA,NA,NA,251.92400073210015,561.0432089969255,374.6035080140469,NA,361.1358144673728,379.78085270716286
1745,NA,NA,NA,NA,NA,NA,39.86555413699304,NA,NA,NA,NA,NA,NA,NA,NA,NA,NA,382.1750604684637,634.4521762148272,442.411643849129,NA,486.7143834500523,427.2779637182564
1746,NA,NA,NA,NA,NA,NA,34.46484220620683,NA,NA,NA,NA,NA,NA,NA,NA,NA,NA,341.79774088820085,693.1710561845435,407.74888130574607,NA,538.6929763814915,442.3865111079003
1747,NA,NA,NA,NA,NA,NA,64.5983706209094,NA,NA,NA,NA,NA,NA,NA,NA,NA,NA,475.59157466001756,702.9844491565617,566.4564872983259,NA,496.8023516199945,405.6964788251558
1748,NA,NA,NA,NA,NA,NA,55.13652186682767,NA,NA,NA,NA,NA,NA,NA,NA,NA,NA,427.15135753431656,736.5071277259573,616.1944963492248,0.47783624261100754,521.5109778404783,433.27871984587824
1749,NA,NA,NA,NA,NA,NA,46.52541640333805,NA,NA,NA,NA,NA,NA,NA,NA,NA,NA,542.4273875688137,683.0956543852157,559.4501073622899,2.8550794035824043,532.0475654413531,578.3043756728092
1750,NA,NA,NA,NA,NA,NA,69.44961799658277,NA,NA,NA,NA,NA,NA,NA,NA,NA,NA,565.5504519770307,685.6334329307853,617.9236289457608,5.961172060186632,502.23228036245905,570.6439161462956
1751,NA,NA,NA,NA,NA,NA,84.56916096051434,NA,NA,NA,NA,NA,NA,NA,NA,NA,NA,410.1701067638677,475.58214988205685,435.30504710744344,7.469764852440451,325.94180860626784,390.5926438244922
1752,NA,NA,NA,NA,NA,NA,120.40562251927848,NA,NA,NA,NA,NA,NA,NA,NA,NA,NA,525.0433846201746,506.73889502403364,547.6188694288708,8.042477193189871,340.9806126390022,479.38976017820767
1753,NA,NA,NA,NA,NA,NA,125.80570613153401,NA,NA,NA,NA,NA,NA,NA,NA,NA,NA,628.0320174679513,704.4327233698668,570.935455944549,15.008958902525237,410.69538105554784,505.0659969359971
1754,NA,NA,NA,NA,NA,NA,112.47058779484139,NA,NA,NA,NA,NA,NA,NA,NA,NA,NA,414.7251019523075,322.6704681760848,366.613495418172,14.813551839471952,403.4499259185737,334.3094406391042
1755,NA,NA,NA,NA,NA,NA,111.73231352124779,NA,NA,NA,NA,NA,NA,NA,NA,NA,NA,430.6372687427398,541.3884628782715,407.57546539126787,28.048139211249673,580.3159374489027,473.2055350396161
1756,NA,NA,NA,NA,NA,NA,138.93159439749752,NA,NA,NA,NA,NA,NA,NA,NA,NA,NA,683.3743136535891,784.2065573039416,585.5275255019427,37.30798355770559,838.1706367924498,558.0561827018921
1757,NA,NA,NA,NA,NA,NA,145.08974431706423,NA,NA,NA,NA,NA,NA,NA,NA,NA,NA,565.1071732536092,655.6909133494212,467.0552391016835,30.454599183899457,605.7995945770269,421.4085261635545
1758,NA,NA,NA,NA,NA,NA,135.69072741605427,NA,NA,NA,NA,NA,NA,NA,NA,NA,NA,432.8621446600122,570.9203762998117,420.33001740557705,21.5940512637148,499.26724521600096,360.5090667329817
1759,NA,NA,NA,NA,NA,NA,131.0279755995963,NA,NA,NA,NA,NA,NA,NA,NA,NA,NA,480.6778131661794,600.0718428510022,434.91580377766377,26.522895977931835,477.52679573462905,521.390969001111
1760,NA,NA,NA,NA,NA,NA,180.32113513074697,NA,NA,NA,NA,NA,NA,NA,NA,NA,NA,465.36883216523637,613.058872721677,444.92271885714337,28.957944443729275,399.14814309801335,507.42533301884305
1761,NA,NA,NA,NA,NA,NA,179.21686531301012,NA,8.042477193189871,NA,NA,NA,NA,NA,NA,NA,NA,328.6357243067211,477.5421895386315,425.25854796052874,28.086780800888828,289.9313028144948,331.30984797345667
1762,NA,NA,NA,NA,NA,NA,148.36108474724728,NA,15.371498694749496,NA,NA,NA,NA,NA,NA,NA,NA,462.64255806045134,689.8937467283184,490.2618698744858,30.91986905589611,431.26558727345775,365.31696013003545
1763,NA,NA,NA,NA,NA,NA,147.2612131592255,NA,33.59839095234676,NA,NA,NA,NA,NA,NA,NA,NA,342.4898337497867,710.6672139909157,588.108658026132,28.89605506845355,481.66395910014137,394.8275107215312
1764,NA,NA,NA,NA,1.6286016316209488,NA,174.16141441485345,NA,28.263338308020572,NA,NA,NA,NA,NA,NA,NA,NA,406.93835040111986,720.0191070021218,617.2852573185512,30.284010702809525,449.2763379564881,334.3864096591172
1765,NA,NA,NA,NA,5.821999505632604,NA,154.16423469695832,NA,76.23011742082561,NA,NA,NA,NA,NA,NA,NA,NA,539.6929453231293,681.2568802050694,673.6727613800384,41.37446108851222,529.0834727726909,476.63709669513224
1766,NA,NA,NA,NA,8.31265416139859,NA,170.21148997149498,NA,83.4407008793449,NA,NA,NA,NA,NA,NA,NA,NA,500.23045752359155,489.01308679468394,694.8175648942897,44.44850950004984,439.57164409028394,427.2518884992314
1767,NA,NA,NA,NA,13.270087368763287,NA,197.5593681802595,NA,83.1878026707309,NA,NA,NA,NA,NA,NA,NA,NA,512.7870892007246,450.356103351527,348.7591960492905,33.00934232979868,488.20349836785374,398.2882891887257
1768,NA,NA,NA,NA,18.261449776786748,NA,233.3264005413793,NA,86.61905016698171,NA,NA,NA,NA,NA,NA,NA,NA,530.1651231233219,306.24245187193304,760.1900239450438,58.25895080523056,736.6151985132407,291.26616553300516
1769,NA,NA,NA,NA,19.181308105757843,NA,216.8327249507675,NA,95.9517794630009,NA,NA,NA,NA,NA,NA,NA,NA,594.8216132083228,872.0643374542339,883.8682435315668,59.98682676470494,808.2868649937074,359.622823445404
1770,NA,4.374353610858428,NA,NA,18.472564803107986,NA,157.76544235576827,NA,105.92696445667922,NA,NA,NA,NA,NA,NA,NA,NA,505.13322701878394,941.4410705012533,616.9899476091139,56.95236242060256,639.7564412511484,278.43935688766334
1771,NA,10.14765843036039,NA,NA,23.67001568920694,NA,259.9391460692038,NA,139.10972270095604,NA,NA,NA,NA,NA,NA,NA,NA,550.9206833077935,936.3281284575359,790.5243001303105,65.24302543342603,517.8475666471271,364.31950446252074
1772,NA,13.564140441139289,NA,NA,18.058188732099488,NA,130.68020129284392,NA,146.84558045115554,17.646011775948512,NA,NA,NA,NA,NA,NA,NA,446.7193956957313,528.2047693074819,576.2309245214398,54.67030951703494,325.67508738997805,248.12298778052184
1773,NA,24.46672358615731,NA,NA,14.77051202011777,NA,274.5390696082316,2.775911268711941,184.2779710779433,47.96583663500897,NA,NA,NA,NA,NA,NA,NA,407.5817485765751,878.8087085629604,605.9453644761535,52.665345085513934,287.6376260181089,266.38412339804324
1774,NA,26.932245500694574,NA,NA,18.70975504845401,NA,203.3084827363288,5.166349118828414,115.08784863454703,41.53405399531458,NA,NA,NA,NA,NA,NA,NA,367.0360396300799,870.3518552987621,743.2304501639046,42.98829723466129,336.41336523921325,262.06034942890767
1775,NA,18.33276393002324,NA,NA,22.736648511825408,NA,132.0879489609175,6.85118525894862,109.30009248883856,71.93273282998014,NA,NA,NA,NA,NA,NA,NA,295.10205016303826,526.1291190412552,453.1207048866858,43.033850328138335,269.67431338414787,194.5512932144473
1776,NA,19.464365603846282,NA,NA,41.955027410895596,NA,174.6081488901939,15.397259754508935,168.09122908958724,88.5627535417577,NA,NA,NA,NA,NA,NA,NA,403.6318241332167,476.1960170865683,638.0449015734727,62.68105662442355,417.9207299995391,270.1345567078987
1777,NA,45.57791205901536,NA,NA,56.29734035232909,NA,326.56855634065903,27.89734276387736,262.9905750136356,203.0244827604443,NA,4.374353610858428,NA,NA,NA,NA,NA,607.8419439611257,1105.2214061515847,884.2310974830563,100.29314635099664,590.5691533924238,352.6698505844791
1778,NA,50.96448682286042,NA,NA,33.641744930966304,NA,266.2813933182709,34.88298818839962,268.56690197375747,181.6798739534245,NA,13.420883816135595,NA,NA,NA,NA,NA,507.2566294933452,983.3583988003056,866.275324671464,85.97816526564937,463.8498721172258,302.48259378411683
1779,NA,38.95072235626769,NA,NA,42.20886809730566,NA,206.57605325532757,33.705833421099534,193.61666940000427,164.01092855110483,NA,19.165285983224532,NA,NA,NA,NA,NA,334.5268388507327,737.2149285508109,645.1942239752468,75.65206437256509,273.25321573511735,222.1193970682284
1780,NA,69.60512683293545,NA,NA,46.99822609770331,NA,199.0513105314493,28.58346659942138,240.92842644453583,203.78254906775553,NA,23.034157336120362,NA,NA,NA,NA,NA,421.7776633003513,871.3621914961566,715.5024392440557,70.40686127813159,299.89297895976273,258.32436744525864
1781,NA,70.99748069700645,NA,NA,65.90213157214917,NA,210.8087210375091,32.94493968040008,242.3817272060865,199.08146982092373,NA,27.58789588749877,NA,NA,NA,NA,NA,399.06866080387744,873.8795496894779,749.2839850481067,68.4499632142105,396.8459840014627,371.99127372258704
1782,NA,64.30463170779875,NA,NA,65.12395907185497,NA,128.18169265544395,23.55094932763588,198.3400539546766,241.09712997003368,NA,30.468736350840608,NA,NA,NA,NA,NA,316.417756317645,645.4464938653301,692.7723880768029,56.831725262704715,426.0549416982138,350.63409854495285
1783,NA,106.42176529961961,NA,NA,60.66541077788034,NA,169.98812273382475,30.976103564395352,158.27595116197662,194.3668817256815,NA,27.215931317313736,NA,NA,NA,NA,NA,405.38326203759294,875.7877530672685,365.44011056205625,71.64684789850347,512.1553149180877,424.849198437766
1784,NA,111.0728932232593,NA,NA,72.14196290070922,NA,186.86695758376666,32.5013467977132,239.23856375616992,232.59598024941965,NA,36.19114736935442,NA,NA,NA,NA,NA,310.45501346113156,752.7535599747314,538.663759569813,72.01033016852381,549.572311740873,421.96615885956663
1785,NA,104.13405752927552,NA,NA,48.48608437844344,NA,180.50303334538978,41.44389028615655,191.63306779852775,182.8683384542775,NA,40.21238596594935,NA,NA,NA,NA,NA,279.5059275935571,544.9280953210712,556.1825368432911,79.44962157222444,572.4798628930537,467.7187434701217
1786,NA,127.541121913377,NA,NA,64.97724669493233,NA,246.32725341972989,55.206579383002705,231.51935644703445,191.32299260361836,NA,54.151318410661894,NA,NA,NA,NA,NA,286.6690730030072,600.4196171577545,681.3247386063871,56.494946530239886,649.1400643481556,477.5911983840275
1787,NA,95.25151846051573,NA,NA,52.374119446526166,NA,265.96629157511586,47.938190619657384,227.8584585278063,219.16095926634296,NA,46.55840312620074,NA,NA,NA,NA,NA,210.5633626512637,529.6841452880574,505.14453675233676,54.48118563928883,395.11936467904974,345.2434397106582
1788,NA,143.9804479510817,NA,NA,57.24453053738642,NA,208.0661106509252,53.15354858388178,234.65435175605174,210.87280952764232,NA,70.99748069700645,NA,NA,NA,NA,NA,300.782363839994,698.6031840418656,597.2092236250511,58.35728265528792,414.7904470795023,359.650783620021
1789,NA,113.06717623975808,NA,NA,49.33682766903555,NA,210.8866325353181,60.40654354322454,239.0962496089623,240.55049284830903,NA,79.59790474547388,NA,NA,NA,NA,NA,246.43658084407485,673.6444870461561,608.9446429825357,48.59666843984979,451.283815662132,355.50922202479353
1790,NA,80.49420112954304,NA,NA,43.982297150257104,NA,268.37997721086884,86.77581564039583,316.15983156078534,297.009625222298,NA,75.24491396465986,NA,NA,NA,NA,NA,236.3696613449117,602.1236170130616,489.35614871245593,53.889309583352514,339.9278649407843,332.39275496114914
1791,NA,111.20484011471007,NA,NA,69.00853838801875,NA,354.8639388937462,85.75793962063274,324.58841049110134,262.9890042173088,NA,126.03567071377678,NA,NA,NA,NA,NA,288.51036045727614,667.6352486183695,624.8627787990099,79.90232507360672,408.88205377589594,378.42368468081213
1792,NA,122.66128604455596,NA,NA,90.44739497464623,NA,439.73752018239344,98.33153589809517,379.682835016371,325.6700608417322,NA,166.5895478011713,NA,NA,NA,NA,NA,261.62680964271226,812.1001301566348,629.9521588978253,67.02902085699182,479.51008317684017,399.77928906211946
1793,NA,104.32506636261375,NA,NA,94.17269554327302,NA,471.43116350886856,90.90009847602849,401.56308537082776,317.3599199544566,NA,144.49598330553573,NA,NA,NA,NA,NA,222.85547222696448,795.5304280238062,564.2300405847269,74.68445383525943,518.1089471559058,331.85522845811994
1794,NA,106.17577859484354,NA,NA,113.49034877019663,NA,554.4471210614482,100.2343985683745,393.49610375493984,287.4934269153091,NA,149.96706691176237,NA,NA,NA,NA,NA,269.8392469984613,1015.4736438608927,603.900501817932,71.01601609366263,523.4270351999027,397.89401931070023
1795,NA,127.98848470724818,NA,NA,143.0320011289629,NA,522.6306414622176,94.99202290732921,311.4323629356634,231.6286838713794,NA,110.04370746994327,NA,NA,NA,NA,NA,323.3226628109701,993.9606456876406,565.342478543363,62.036715971172285,638.6050475436078,478.0674638303118
1796,NA,108.44997751677714,NA,NA,108.79963677912171,NA,528.3602781438346,102.99146028116489,292.64658134499246,297.22576679686495,NA,175.94426824576567,NA,NA,NA,NA,NA,197.26437263008745,344.1919486495016,525.890986318113,68.03433050614056,640.4890606579655,396.6697406535963
1797,NA,134.4177540728197,NA,NA,109.68682254449546,NA,354.31258938304114,99.97804460784157,254.23652708440756,244.91510752194134,6.514406526483795,136.7849441372996,NA,NA,NA,NA,NA,174.65998516897815,845.3507468022291,449.27665211575345,63.82679546518775,470.5854467665223,399.00771390639784
1798,NA,152.34807998391807,NA,NA,98.19864652884833,NA,406.20416019797597,130.6274225362636,377.81578650234246,326.96439701501134,18.82442318031004,181.29502885335975,NA,NA,NA,NA,NA,245.47399685501492,950.1222334809181,605.2319087845233,77.02179876953022,522.2885220222418,414.5441462154608
1799,NA,122.47844535211702,NA,NA,63.91507421875362,NA,311.243867376448,103.47903546100203,296.8277270076551,247.7293462210271,25.68346242089263,210.0066724330476,NA,NA,NA,NA,NA,170.1408041367892,802.4482150470109,550.6190904130491,71.07539219481548,479.0300478193717,370.57724286920626
1800,NA,120.27273315003166,NA,NA,101.10116398149994,NA,486.38168878803714,133.0074931306232,424.00442417321574,335.98862191244797,39.909222274877926,261.79771228306754,NA,NA,NA,NA,NA,188.3548158645068,916.1836080441874,650.56603325362,101.19446928331156,519.4422390780893,379.218193462905
1801,NA,141.53754550365022,NA,NA,126.45067510331599,NA,483.6796049466845,135.5534398170924,323.7725388789641,257.5226330000625,47.99756672081023,181.9582190625326,NA,NA,NA,NA,NA,218.5873044477974,656.774134496379,498.57986474339555,75.33821926647146,414.0116462606773,341.0308781214596
1802,NA,130.27556415906153,NA,NA,150.5184164224674,NA,488.5839452382035,128.41071475989062,343.3886434079788,208.12265931868984,61.12879569428485,194.5588330368159,NA,NA,NA,NA,NA,207.56345582635086,803.3831530207189,726.8222258934705,110.2670747076135,607.946244837225,443.76001541604984
1803,NA,135.28169205255685,NA,NA,171.4052951798591,NA,371.22723838923395,104.00430975268226,408.07246534906574,358.246177544601,59.525955122423326,256.72498262531604,NA,NA,NA,NA,NA,238.157855883335,775.3425536318382,611.463571972184,87.48832885422999,408.7186909579093,324.4536361662623
1804,NA,130.56490484245717,NA,NA,206.70171696147113,NA,487.04582147500594,119.86558274212642,466.1448055506731,301.27716468293437,63.43346806495831,266.88709238188295,NA,NA,NA,NA,NA,191.25010765405514,831.7580178679422,630.8377738668722,79.09933399134916,517.8799250514592,455.3037976216654
1805,NA,191.99403679442517,NA,NA,228.410436357042,NA,647.7649892436795,141.92930210755287,606.8887847500265,462.3786642775497,86.69790414258682,384.93526377390765,NA,NA,NA,NA,NA,245.97947911297751,889.2818359922328,665.8860098288508,119.63907391180258,585.4172555998018,464.98335874664104
1806,NA,112.60567627894577,NA,NA,141.9974746681358,NA,444.12601096019284,94.25563358932777,282.9280644711124,387.2273697739668,90.62866487075836,269.092490424703,NA,NA,NA,NA,NA,90.25638614130796,602.3815417699213,508.3272842696887,47.71199594859891,374.21112309161356,261.1090751734006
1807,NA,162.95441094170258,NA,NA,171.3434058045834,NA,540.5107018908586,113.84346378446013,338.62347567101375,360.86595165842954,125.12240972937819,292.60542648123044,NA,NA,NA,NA,NA,253.46997847693166,805.0692457979009,713.1440456390059,112.73542405553903,504.4873155692058,414.12474359620654
1808,NA,158.13143789991153,NA,NA,194.58773568922888,NA,526.8124154434109,100.20926582714581,438.32286101048186,418.73188922269594,183.81584279860027,348.14784211890196,NA,NA,NA,NA,NA,78.67961721282958,618.2808280304737,561.8223239750156,85.84464757787181,398.67313428879055,319.0274773349821
1809,NA,102.22145592177004,NA,NA,181.34686513214405,NA,609.7605145946732,104.02221683080771,446.92391337748,350.4459171450029,208.59389821672832,372.2708754687565,NA,NA,NA,NA,NA,188.04913889931248,779.5017081459257,604.4421123914109,132.94214800342857,628.5758271562877,446.0759975202762
1810,NA,116.93604759265394,NA,NA,181.7709801403786,NA,587.5170961294613,91.05435067531978,435.8821576779081,277.6511312908777,185.30652851272862,341.60704621412805,NA,NA,NA,NA,1.093588402714607,139.91051466835606,369.5832429536104,426.1168310734895,71.67229479899754,385.2211487053844,329.22602956633057
1811,7.354154242788347,134.51043105610054,NA,NA,177.4412371452012,NA,578.0678137459938,146.13338139658674,527.8469419042382,271.2639592668643,208.77485395357505,411.2492438403758,NA,NA,NA,NA,14.669666895937537,342.04152847811946,698.1715292112625,857.7301926536998,178.01552028227738,863.1409576809773,606.0069396921639
1812,19.24916650707538,109.23694647650143,NA,NA,195.17678431177703,NA,499.3225372467042,143.9502886616072,383.83821961927407,228.9734097605653,185.55031610264714,345.32669191597836,NA,NA,NA,NA,67.55963585618315,337.8515863560268,916.1635018512044,728.4062169094105,220.22564501664448,1021.746776071581,575.0236104646654
1813,32.298085753025944,189.96205466608328,NA,NA,202.25824831223375,NA,426.9509239230176,123.2559895338805,426.70368058118,274.6804412776431,254.51895626396532,431.5718925571828,NA,NA,NA,NA,71.0552860018325,290.2156169496447,832.9420841390802,693.1660296362977,198.9960185007461,702.9175332330404,500.2546477870243
1814,48.61174808458702,220.557711360129,NA,NA,242.9145413201353,NA,692.0089810619804,137.96115642680365,538.7193657597816,376.91069365884334,268.42395950801915,461.438071437065,NA,NA,NA,NA,138.78142626865588,297.8229835603123,974.1073509132799,730.3825928477838,267.3856631360077,881.3307791452622,669.3863723634805
1815,58.52912777343927,238.296085960093,NA,NA,229.95672826113886,NA,576.6079156398705,128.3202368914673,540.581073566299,495.6540995051074,267.48933569357615,532.1471539284719,NA,NA,NA,NA,145.75984603007493,243.0471165301168,726.2859560275026,579.7818666977922,227.1512860214832,718.142947869398,456.5428417642413
1816,67.39187480848145,231.71853342127207,NA,NA,291.00227175010355,NA,672.6762481903196,128.60769261927072,664.7097975393467,506.9361870426791,321.98811425172505,558.563549915447,NA,NA,NA,NA,227.99323285264524,300.44684174459053,849.3619323023325,698.2708035391158,265.12277394762697,1075.8861564301592,415.2114204950832
1817,88.31016949240907,286.2719756915935,NA,NA,328.2134942540787,NA,778.2117702023618,130.94566587207225,639.0451846743756,389.5502633820311,293.58026268163934,433.2381933006469,NA,NA,NA,NA,258.1782833868667,308.1993499358541,1085.5069697725125,835.6118095761008,249.46727527699292,1112.1844321090011,475.97799055640917
1818,71.63365320935839,201.38394307673968,NA,NA,290.2831611916969,NA,562.1188903215146,113.47181337354046,410.55935009364754,313.10369022737314,249.77546551631005,335.8478785615672,NA,NA,NA,NA,246.33385076430247,227.39350281507498,880.2821155174939,566.2004474970585,174.918852403634,817.2790456460774,412.20208889220964
1819,95.14250519543619,223.94026417024904,NA,NA,226.7903170255857,NA,563.7760804462832,126.33443617513313,429.557503347701,369.03754830968194,165.83745051990195,389.58356426415907,NA,NA,NA,NA,227.24364884549877,171.0795120216819,568.2233190067049,351.1634569070828,106.86975641202149,650.9882633062626,295.6364350734139
1820,73.06087875188422,190.00352368911066,NA,NA,264.61760584892966,NA,559.7680365388333,114.76646370608483,435.10932588512486,342.0456125485691,337.5210908088691,391.3057853568571,NA,NA,NA,NA,227.3020824688555,165.17614526632124,523.7060086275415,360.6727437102337,105.28105300710116,758.5915816028972,207.54366379263325
1821,95.29927066885031,248.81413816431166,NA,NA,313.18254420297825,NA,472.48548200341344,98.03371291453486,667.8209167441966,408.2185494074577,389.84808636559137,448.83148843673985,NA,NA,NA,NA,312.47254426326697,248.5606116371669,808.0993119122879,522.0849468182892,151.7624871132889,935.5735179021437,565.8159165562589
1822,147.36708483165145,342.5375859581212,NA,NA,465.05624369620426,NA,594.3475468768961,134.07186472165944,695.0035471793823,410.32561560022043,344.71816541897806,437.69328584270255,NA,NA,NA,NA,452.9626827762103,397.11490433260997,1154.3455479979723,813.1547628104446,257.47393831393185,1245.6669340488468,644.6422461460112
1823,102.60473022550799,231.5228121989534,NA,NA,365.4137211837661,NA,347.68005897278243,84.2801344363841,487.00969315948976,281.18919293735047,351.0776914276397,513.440226313406,NA,NA,NA,NA,329.60584811814965,270.3855699609205,771.5754698809186,528.2399551452022,137.79025378644832,716.4323506695183,384.4828744317907
1824,95.25151846051573,182.19603762640935,2.775911268711941,NA,384.0989718095221,NA,412.4612702861307,77.97213054724116,374.32956113465383,245.69516497782766,310.71105326239916,484.45243673946766,NA,NA,NA,NA,241.8372891992194,187.341652233724,507.08918260490884,410.61872619480033,89.0101163356289,699.2129671759274,424.0597162039189
1825,147.5835405654838,289.8939178619171,25.12268813222686,NA,470.671840564496,NA,737.0562781218046,121.84824186580694,422.95733134177425,325.144786550052,375.58525571829375,606.9585281069362,NA,NA,NA,NA,316.77307044676604,285.25158639770746,749.4922726410397,618.6424253449022,148.83829267132757,889.196384672055,624.4996106882548
1826,115.76140609947667,246.60591268810336,27.255515384748964,NA,372.80808781252034,NA,590.1909056369315,135.67659024911313,371.91807461375845,307.0325624243109,383.3431046170684,658.5733246090898,NA,NA,NA,NA,250.24136370683743,260.37519912952206,569.4629914678113,362.3789426803983,133.46522318025126,641.4243127909392,536.4520783416858
1827,83.29461682095298,191.54541736349256,39.53380195277396,NA,367.72184930635854,NA,461.6008059365208,95.6530140016445,253.24378380587322,218.12077793873937,284.07443163040733,404.4634037086218,NA,NA,NA,NA,222.4348129706489,202.48224386843472,445.50548429438425,354.8199565965959,74.42809987472651,435.21362676122413,477.71434881604824
1828,99.40784554121502,263.3659953357395,66.81790583067058,NA,457.66250538598064,5.391287152825444,365.0153672352909,106.57130510993046,275.2676049445991,277.0686800129021,396.80828488961964,579.4918976958659,NA,NA,NA,NA,283.0951972002835,268.72649488055976,622.0453985072705,442.8354446980983,95.0781025460376,578.1259332100853,550.0265860385821
1829,107.13333603565768,277.4456711313329,61.75114519896097,NA,483.1879456963977,19.063184221982866,308.0042570320662,115.29268047556108,158.85180509537966,261.7383361819147,323.36507431179353,550.0451214352383,NA,NA,NA,NA,272.424149433835,296.15951025023656,595.2824848506044,505.6028951204955,101.58811084280633,676.19891603279,498.51294881987417
1830,124.00463106323095,259.3196239979159,68.084595988598,NA,355.1256335617902,25.309612895115446,339.5719224931325,152.3798100697193,309.1704162250787,263.92551298734384,361.31614188568886,552.4113690219222,NA,NA,NA,NA,276.52015793558536,290.8084354833771,568.174624320574,411.2630668480516,108.23006603102591,704.6802808709697,532.4899016869786
1831,113.71842839684727,260.0242832301161,92.25475322825642,NA,416.1620664320595,48.05380122930948,636.9126715811188,167.63067160657098,311.4323629356634,270.6419239214535,296.29334209727955,484.4386137317919,NA,NA,NA,NA,332.2347328506736,318.6328932976911,609.6964261045398,403.8567621672136,159.5011722968767,901.8774234182702,590.674396746319
1832,81.97294879158777,226.9587063918182,106.49245113432539,NA,335.200082156397,50.88751780284747,406.2182973649171,172.9258260241966,392.47131623133885,291.1778867794393,299.0595144287653,532.2238087892194,NA,NA,NA,NA,282.3311618669305,173.19725962946674,483.5655651333592,414.0094471458198,95.38377951123186,699.83217508795,459.2116247234658
1833,155.0423098436367,298.0240454901421,159.5435837977001,NA,453.7644172214064,61.50610097198097,703.8157145727016,229.4342814028469,507.5205232762468,358.35267753555763,365.8714512333941,613.704784171255,NA,NA,NA,NA,303.35250078989577,334.265458341954,782.8028937063178,539.4010913656106,147.30331050078357,842.8214505568242,604.9249751822675
1834,162.8601631620949,275.15325097200844,218.15219386527528,NA,439.7899847797083,79.31767468077366,618.7680890510456,269.8700346064665,491.80753346005207,385.5221132815983,341.31362146028266,542.6425866655845,NA,NA,NA,NA,374.289348748688,376.2421627421594,876.5998547682213,568.4422880146601,243.73732443611053,997.356393186906,729.0923407449545
1835,127.97591833663378,244.05776688677668,177.4157902447071,NA,349.9797047952102,70.82437894179367,461.93350059853606,214.15640216917436,394.0226346836814,131.03205967004598,344.89158133345614,458.22233719685045,NA,NA,NA,NA,238.79842662540202,269.95077353766374,710.803244952816,490.561263654373,157.48144237988382,617.7706333835309,427.03386196907235
1836,107.08935373850743,279.1345913419028,221.50992809343202,NA,351.0959126650306,54.39981838956086,282.58782998672865,169.45750773463342,419.2414555511083,310.81032759025265,348.2735058250455,450.21787327476903,NA,NA,NA,NA,240.72767867397147,277.7428657963625,663.5873064842192,492.46192720979485,99.6462924236225,662.8509171662176,445.0144533626283
1837,136.36051496979962,279.4484364479964,161.27680046468564,NA,396.39202386301895,65.96339262889417,435.77251609429766,160.2011191400965,323.7577733934922,242.04620511068313,417.6518096683917,518.2047657318403,NA,NA,NA,NA,262.66730512958117,251.55266448044586,615.7493326702113,458.3448593103404,210.71824316908572,600.0039844496847,430.630357238902
1838,121.68236577369738,279.61525501790203,111.95756571451017,3.017185584507637,451.76259438253913,95.2364388157785,528.1535613472284,167.99980874336777,386.9562503279619,224.50920659981418,355.6625317462887,462.58318195929843,NA,NA,NA,NA,306.28172178010294,259.2467390483526,557.1881606517053,550.3627364525162,210.3308847948981,746.1731800025223,522.3588936976821
1839,160.32301293505574,298.16133308910406,206.83240721586046,15.686600437904554,534.7477643271134,109.39434026844626,474.53380041355405,211.4920174396649,446.0056258448358,235.5405950436294,315.1092829774248,424.21773831439447,NA,NA,NA,NA,334.33583001739447,397.4416299685833,1058.787095935201,616.2749211211569,170.88347664009785,768.0870453983725,549.6018427118167
1840,116.53455205152515,167.42646808408762,146.66870878475845,30.312913355222555,226.95242320651093,63.58803442351493,322.5787336706,166.74568495605476,303.3270538894017,135.27195311533077,290.68528505135635,399.23642185157917,NA,NA,NA,NA,173.17935255134125,178.84961313180548,542.1883123678755,291.0170372355755,77.96176329148429,483.7597155593511,321.21622493673806
1841,111.00597729973782,149.89166868807624,279.5624762613217,50.916106295995135,284.13600684641773,60.346539123540985,337.14818376088806,138.443705058395,407.28612470787226,198.96554505200626,335.543144074169,448.43093537340707,NA,NA,NA,NA,212.36946426781248,269.07081343539323,533.673653798851,337.29049790809563,97.96114212423693,631.0843888901791,330.44528167518877
1842,97.05793423632987,215.3326144586784,286.48309071791465,102.13569044232705,338.64955089003854,77.40098900281853,404.2048506332314,161.1596190587067,427.7199858046164,224.48690129197374,374.72917172019055,565.1549254619438,NA,NA,NA,NA,193.37633756200472,332.47600716646923,360.16003578916786,292.40436455140076,115.00271147363475,686.1238355440108,281.6689141355537
1843,139.23130233664995,221.2058219245645,354.76277961030064,154.25879663583135,364.38453543045,86.4566298267911,465.8463542485821,153.65529668707677,570.0020887671674,240.58976275647893,419.45916792200205,588.4941314447275,NA,NA,NA,NA,259.4653938970424,550.3520550374939,660.5688642626501,485.71001627869964,152.31697821664753,854.64546282714,557.1793641922753
1844,104.8327477354339,215.58362771170025,322.81466727888454,115.10795482753004,329.0896844451648,84.7051919224148,349.8091163141202,96.055137861304,365.9349114049966,207.42051336061246,341.0412453772164,476.77815420527844,NA,NA,NA,NA,228.07177266898495,399.52482005717866,310.52758425142946,312.5168407196826,116.78399450822016,712.5509129460081,367.44319003798506
1845,95.95680601124663,155.1946770873358,156.77929642180646,96.88671743670922,283.61795821784074,109.94286234576306,451.39659883839585,149.9218279775507,403.6472179372192,208.52886724879895,318.213490678437,408.3907086848744,NA,NA,NA,NA,146.19244333847422,316.85632265208613,217.70577354920007,193.38796145482291,46.929111059324335,585.3424856946464,226.07874628954764
1846,155.0083806429779,199.33122643688415,267.6778312527916,168.05510077407098,326.64364040507974,129.38335184544206,474.4115924593293,132.36912150341377,442.13989608459354,224.6537198618793,338.36052436590825,662.4440809175777,NA,NA,NA,NA,256.41427911187606,474.1213092981376,394.6481257810112,544.8109139150921,100.97707107168313,967.1267320370036,453.5316252057756
1847,97.22129705431652,193.053695996481,444.6459445443622,240.08302386145482,329.9919498552757,125.46264421376198,228.30456468461605,82.49822308326799,487.45077276805364,296.47366951559553,314.48976090613695,591.0718082169982,NA,NA,NA,NA,209.89451757531444,426.98014073469596,374.7140920754533,426.28522043972185,98.14869520565624,725.8951419013962,286.4969137255905
1848,169.3076537650572,298.4120321828605,499.3021168944558,247.71677985041268,406.8485008512272,125.66873269183746,262.77317680200713,118.13362271220237,545.8972766547037,283.4219228362568,342.95636025884477,571.2970532589771,NA,NA,NA,NA,222.56424658797678,486.6452684116734,605.4188335474117,651.2458739038569,88.44462965798274,944.6128224443178,380.3039278839856
1849,161.68395087259088,285.75329874448573,493.4662943811474,191.77946601618504,421.13709255828434,117.93821564914907,250.18104512788855,138.37113426809708,362.778553265935,157.74156625160103,380.7057375843797,605.9315414684778,NA,NA,NA,NA,218.4336805670369,482.3302909019677,565.5658457810333,457.703974409008,99.15086326215139,663.6312887813693,262.7273095492647
1850,77.48298457107722,178.6761972173273,246.07309857405454,136.53361672501242,360.4107348829244,114.7787159174338,223.86015355758258,93.97603184315828,206.57856652945048,127.65076349698727,310.078964820497,490.21914421439703,NA,NA,NA,NA,165.51418063584754,318.2885747428577,293.9776741523185,290.34693552256476,51.49227438866351,369.1688668826019,161.32486683228552
1851,203.91700923332914,282.64626361008544,453.5470190097782,224.04425088708288,530.8839195224634,149.62777490517465,306.3665447817498,133.764302800873,519.6241372927321,282.2139804609516,497.28050202187075,676.3220664648106,NA,NA,NA,NA,279.07395860368854,720.5968458911171,589.4331534888858,469.57385393206636,151.85956232628484,805.0013873965834,400.04129788942885
1852,141.82405875365762,293.96165202978517,533.7675874191934,218.50279560541586,403.3352577867177,144.34330190257128,266.5468578974992,157.94419897775757,338.646409297385,190.92243954028572,388.37625020738454,581.9875788998779,NA,NA,NA,NA,240.37456365970806,630.9712915546498,676.0506328595405,499.463280597585,132.13036046174093,609.2958730412072,375.7646406588137
1853,115.08784863454704,217.30522048586747,432.63500751115754,206.15413736195046,476.16114540811344,203.37068627086987,288.1192321719042,199.46600076172314,259.8825974014391,207.37024787815506,367.0762520160457,588.5246048934675,NA,NA,NA,NA,315.38574313094074,509.6043416833728,583.0371850054422,453.8671473011789,90.92774449138011,648.7498785405797,368.39980500100313
1854,126.31213086729265,227.4613612163925,417.28769907984065,159.11287144489293,442.6064225936516,211.10748649886548,337.53994036479065,174.70019755494408,310.8291771461741,203.15391637777216,318.165424310837,518.8569603667255,NA,NA,NA,NA,290.9366124636436,512.5957662081211,435.8642505997825,426.8152071203825,123.07346300070694,504.72984652206304,326.52960059175444
1855,142.89094361881672,207.9856858789933,522.4141857283853,236.41867019030775,417.6910795765616,191.0138598865052,373.730145256349,190.03870952683093,224.7696446307968,177.88828577980703,330.39752946685434,547.493834041258,NA,NA,NA,NA,287.53489593833655,725.6642348413574,554.322713992366,409.034421019595,120.29409598007607,469.7205663089891,284.30125461999654
1856,134.93643101992737,183.7608649271624,328.05295886948016,168.84929539689844,361.54956221985066,234.3235420496287,340.7110639893242,178.22883442345614,81.36693556871029,136.5223069914595,333.83820174106586,529.0344639272951,NA,NA,NA,NA,280.08083904916407,746.7223303983699,427.55819378295644,391.09152873788224,103.17775672552278,536.1781314622928,336.8745510407603
1857,154.63201784307785,219.4550123387189,399.5713156284518,269.1009727248677,288.5367498355663,232.1979404602098,391.23132961096707,186.88203722850392,150.49485447756547,184.45075867389073,378.53395458295313,588.2896137629789,NA,NA,NA,NA,298.84054542081014,554.5580192821199,460.7462927347444,411.3039075525482,125.22859556106953,519.694823127438,433.2884587831042
1858,172.5359543758861,221.0892688371163,502.4377405220039,257.14092949265137,311.0462611985372,234.90819244246177,456.5786559204922,230.8995202164812,163.44449939566258,211.74334485195206,336.5050997446981,545.5815465930178,NA,NA,NA,NA,414.8862656554367,603.9105549144234,558.7335100780061,460.50219098556056,154.90596472247088,587.011928030764,408.72340334688954
1859,191.19764305674016,244.64712966859017,46.70919957357305,193.95941715851095,406.30500532215615,198.6790318019989,452.1480678011345,265.7080526589907,176.49216200455172,132.85009933867838,405.41342132706734,747.6915117320023,NA,NA,NA,NA,390.68846240042666,507.5393728321684,495.6804888833975,461.9498368803347,137.8606254618887,523.8819378161425,401.37113405969336
1860,278.17420646770046,352.913952333663,327.0105784270191,353.8862752599491,504.244156297818,234.94369243944732,419.10385379288095,251.1828990251183,240.31298844369763,202.68424827606052,443.37799774937326,838.2633137757306,NA,NA,NA,NA,545.4436306755254,471.5232121736189,702.6847412174093,618.1850094545396,168.09782643415977,770.6678637632964,481.6454237034852
1861,210.334340546817,312.0983805782244,325.99835727403246,306.83087217595045,473.1427031865444,190.63686876807438,457.0941912749463,235.99801093399208,419.54210596805683,192.85357654444738,415.3075532302831,754.7362190984119,NA,NA,3.463605900582747,NA,360.65829238402716,326.0143793965657,498.8886833012434,397.3772273191847,110.34530036468789,481.44876000337047,307.491234951735
1862,160.89352616094766,179.72423252656486,381.02586587578054,320.99285769906777,515.641226126511,183.80296226872053,502.8935856160397,231.2699139903394,364.53438940002627,199.0591645130833,386.0891707555712,552.8414530561985,NA,NA,5.722725177779167,NA,378.0466935623813,498.91507267953364,511.10727960885026,456.8293550142487,133.1608028521184,511.55055833227186,396.47684686466584
1863,276.65744553454726,380.6931712137653,438.92981671115547,498.9273248908825,554.0082405677417,251.48323528280156,614.7955451405815,289.78930282655256,573.2674601713086,400.69883323182523,552.2024531104582,873.7397488163936,NA,NA,16.510640190941157,NA,539.0435781216321,603.6680239615664,938.8109291316678,751.42215300814,190.03839536756556,837.563681091776,654.7506346682018
1864,123.29525944205038,127.88292719408757,489.0027195389271,538.4752640105977,342.14488687642256,191.00883333825942,502.40758123252937,210.41130956683,330.7446754550759,218.02653015913165,266.7174463785891,382.6632639668315,NA,NA,23.568228087230633,15.343852679397909,403.65538607811845,386.0919981889595,646.755595524081,548.8286967597683,131.36412601353038,621.7793056095114,417.6417565719003
1865,238.34132489430465,335.7253564480771,575.9217918043266,541.3507637664284,586.8177776047722,289.07804624977985,858.7452412400744,307.8311552768534,646.6990468563165,455.612302020248,554.0063556121496,1200.8175573261992,NA,NA,39.649412562426065,57.64288448586161,552.8398822598717,506.55542601306405,1023.9031652690051,738.1250479425559,196.59081516515775,826.7415227186899,678.2723671841591
1866,114.83997697417881,185.3790993030265,517.1234295404746,514.9481907871291,265.5827031121124,178.15249372197388,718.4725009387596,199.79272639769647,487.41307365621077,326.5010120986068,343.21522749350066,645.031489475791,NA,NA,34.590505912350416,78.32367476517784,372.8080878125204,413.47129232425993,807.5159181565165,444.57148879847205,140.91645263603556,560.1937223433946,529.0558267573393
1867,133.69518776249402,205.07814187809598,528.5745347628094,470.4412476637226,401.08839072087034,238.1462319905168,537.1218658954313,197.60083720328691,504.16781559633563,345.4595812852251,417.741345059019,779.1401108314974,NA,NA,39.80774883216698,138.82226697315255,372.88191523987973,343.19229386712937,877.6595139702774,555.0214041985246,118.72738372373082,416.6804292199018,549.2895684020499
1868,147.02622202873695,286.32506860743916,747.0154409929496,569.9477392142601,505.9409304900218,275.40614918062244,668.4438945674036,222.7819589588705,595.020476023295,308.4776950449623,463.3597836632658,896.8920300362887,NA,NA,49.47631438285494,160.74995537667863,508.6084568121849,384.4706222204417,859.21396686399,616.7863724051612,146.36051854544127,515.1812969620255,606.0122803996751
1869,191.25042181332046,312.42761948832066,609.9289039609054,537.695834873242,397.02819637537084,190.15274934015616,407.9986379217064,205.02033657326987,410.69758017040544,287.7412985756774,369.13053945222816,631.5807605294463,NA,NA,47.36610659743867,153.4872214801097,374.10210982653393,281.2557947016066,896.6356760757557,469.17330086873375,116.18866270036492,487.6380116902077,408.6065361001761
1870,119.64284382298689,252.87024843936143,662.0626915694321,368.6709244470079,319.83926487666974,171.3792199608343,478.3140788536185,202.72791641394545,372.3054329879461,289.3755550740748,345.97605911747536,817.8558420572766,NA,NA,36.04694826655465,155.27510185926766,331.9632992454034,249.75504516406176,776.5781420224948,470.5612565030897,124.55786552952812,499.0090062998759,400.7566385366512
1871,167.23703004707622,259.45659743761234,538.1940914681015,642.7676578096141,362.1744249986496,165.53680010295338,404.3226603577411,220.45969366933696,374.2060965433679,199.53668659642892,423.03430036178725,918.2061653945685,NA,NA,51.47907969951842,175.17520636416688,447.6844929589142,282.7072105075651,700.3464538053425,482.00576438085193,136.97186890018818,333.5805911434714,337.94143590591943
1872,187.96777164958448,339.05952873133197,632.1688666741983,708.3647407350996,376.2858308800442,195.98511610154566,575.1706370008533,222.36035722475884,417.25157076432447,263.4187740923199,464.6142216098442,957.5244540913063,NA,NA,64.18933525741201,194.52458967689176,482.0095342920363,315.92326963397,736.8275701766232,392.69562594680514,173.28522422376724,304.780040491687,476.3986498127248
1873,206.18429665142494,327.4120739681478,645.1976797271659,811.5299310900082,613.4540850774986,337.344219142472,694.8700294916048,273.4432820906595,343.7530681557952,316.7023846120603,485.63995876252454,1026.7557313984644,NA,NA,94.83682823024188,269.32371164400723,498.1912497321465,471.6020661492238,944.7312604873578,606.0132228774712,194.40835074870893,433.62775078969196,496.5199224404369
1874,237.96433377587388,275.8217818886924,653.6105506942138,1023.0964042755631,650.0960509926432,313.4602609935556,645.3355956446585,189.370178610147,345.32386448259007,295.36782890153194,463.3330801257103,1068.8687809198357,NA,NA,94.18149200270302,355.5243016695307,529.4365877869545,440.97782096203076,1075.1635901198333,679.3879467354491,211.9767651861138,553.6491565274365,600.092891521781
1875,159.46441566282965,307.6725048478471,845.7208264168219,862.5189223355665,723.8867217179563,338.8474712272146,508.405509926763,186.53991778852793,472.16126964156297,367.12243342805357,462.3419076435026,867.8272714423372,NA,NA,97.51252269330432,367.8905528318562,621.3115224633918,755.5153340765023,1438.338926537917,763.8546917754562,250.2127752136898,844.1255256673292,863.2107010378871
1876,62.239034538063464,114.75075574281685,485.6625782296305,546.0339359351349,483.6544722054559,226.24744981504543,495.29564378333276,137.6045856606212,209.23007072908024,181.563006706711,271.7468220577211,600.7758737646716,NA,NA,53.44728749699244,297.1393729988912,359.51381018032447,421.1094465429327,740.2296008611958,408.8343015675613,109.71855263029676,368.86099080255013,316.9389465388756
1877,115.24461410796117,240.55049284830898,833.7661238921168,603.2677850574989,905.3617638303666,361.5822347834479,505.71096590777904,142.49007639621868,483.37518461855166,353.1275806341071,368.4108005752908,905.1339983629814,NA,NA,99.30794289483087,545.5560996925237,580.9794418173408,622.2474029148963,1022.0178955175858,707.6019620388081,257.7912391719444,630.0398093328604,654.8084399730277
1878,192.67136417053914,312.8536194521474,917.5319796111082,667.7992397548869,787.8702826565582,444.4106392546081,587.9364987487155,168.56529542101393,479.2964548763961,331.6265205129386,444.5752587096563,808.0719800562019,NA,NA,94.53335037990512,477.18153470199945,532.5627866365417,550.5012806885396,1097.0755705600916,710.5933865635562,276.895264098424,602.3564090286927,648.4671352017566
1879,218.43650800042514,397.02065655300225,877.4735316851848,523.1694246023083,816.977452751333,536.6082154965692,615.4244919898301,195.0929037879262,596.0832768180044,405.33833726264663,751.5845733483308,777.0088543753021,NA,NA,108.69879165494149,426.30815406609304,528.922309069562,771.9320406471011,1420.3658749667295,765.4100942982486,309.10255782376123,806.660462476944,746.1210295644728
1880,152.78036313305202,266.80415433582823,630.1029553451976,475.33207910683115,482.5360652207778,330.6589099756329,466.02636750763276,166.44629117616762,378.3812731799887,257.81637191317316,431.91401199715875,590.8955648691317,NA,NA,80.9202010933698,420.95582266217224,408.8807971388344,565.5146378207797,754.9875465106992,373.6057381872668,160.0654023374614,587.3433660557176,464.75433664219423
1881,71.73292753721181,180.53633422751784,957.3714585290764,1346.8007705939444,666.1935717496372,409.626925394062,443.87405522937513,154.4909603329317,372.9573134635659,313.32988489843166,342.2560992563596,493.96894920572186,NA,NA,93.83403185521604,590.1343569691667,583.123578803416,730.0181680999673,1018.5671701468826,697.4898036054335,211.99467226423926,701.4890510534531,809.7847763709392
1882,161.54917654775184,280.0516222374857,929.3230051585614,1609.1297261947338,712.0231253802052,464.7848100909342,697.8671088831295,207.2546372685029,338.5578163845537,400.1346031912405,391.3158384533486,488.76427265651967,NA,NA,78.26209954916747,678.2557167430953,970.6013335118738,931.9330403351638,1130.563377451032,909.9048209667228,252.17407150732586,765.8810190370217,833.5396150617928
1883,162.9371321821078,281.8837990730592,892.81078702001,1209.498091987333,575.092411343779,442.9485420336276,448.7466654350929,138.97400589832097,383.44300726345256,329.41860919599566,429.56975555904995,483.4408439050117,35.46732442196733,NA,99.22908891922575,711.1475635076496,1236.289594137147,922.0942004626513,1232.1756785572709,935.7431639054377,219.74341054431844,759.1331921763763,751.3546087660877
1884,210.02175207778484,331.18010019686346,1169.1949139936949,679.6798006929675,626.3000574380271,605.384904346753,870.2186517702498,266.7014242560559,377.9235431303607,386.6373786736226,498.44257714443364,650.9678429540143,82.19914346264619,NA,122.20167103933576,676.923681457973,885.2986106667463,772.4557441424546,949.5837645000928,665.3883815525221,190.8957360027302,679.9675705800364,667.8463636446907
1885,137.72710777411118,264.6163492118683,792.7950433003252,491.87193610945064,672.0749473564225,637.6729370032875,346.75643073262705,193.82621362999873,474.7936101260058,376.73947685922263,442.7773252340069,718.6861292392038,82.89312127982421,NA,162.09487119168037,758.2233869438965,906.5731619575911,794.9602289571798,772.1582353181595,752.8710555399755,218.40352127756242,485.8878304228928,622.1258232792026
1886,224.50103845891482,480.267835324886,1586.4892104181085,528.7686851888013,759.522435506156,770.3370540568734,955.1242773039634,445.0380153075301,779.9732612032295,685.2756055275416,798.3616313232213,955.672485222015,74.08629459401595,NA,274.1356891115107,1090.8794073694164,886.9495176062076,941.3892342224691,1491.2175857646096,873.4544922034472,339.4135862233917,799.0285914435782,742.1170697274723
1887,176.3360248496683,242.04243519949878,1244.5632925496411,1776.632534980304,549.3731347666354,460.96117767224996,820.4897533380464,265.51955709977534,429.7661050998994,421.1207562764856,397.15543087784124,674.3541728266019,89.08017385180393,NA,204.63800474732804,854.2251177300896,573.6017256296506,628.63049086846,974.9995632268995,502.54329803516447,191.1637138560814,510.41235931387615,382.23223745475906
1888,126.87793170420416,232.473772295195,1420.2361271901364,1569.299357895461,471.2360706050807,469.27069024099484,615.1027929021025,240.382417641342,334.89534766899874,423.94127816087854,548.1033030160543,881.6637879665427,111.56549495134219,NA,233.85136067379415,1175.9408558987482,495.5073871281848,631.7978445818092,1101.6811453902542,579.1035968438824,264.1850085405304,522.3840264389108,511.12958491669065
1889,171.58970666862484,277.2307861938273,1321.0456798605499,925.6404302500234,695.1744498197376,628.7913404123237,643.938529391607,246.7331471905737,433.5196800024085,343.7367318739965,403.444899370328,815.4317891657668,117.80218468724864,3.3979466141227204,258.60491166922424,1616.3333981494156,572.4594425408052,509.5100939037652,1205.3964286188063,548.6134976629974,234.65435175605174,534.4499413435532,631.4148844373368
1890,180.36920149834685,311.7801372424158,1284.4530369500662,1423.4430649709209,715.5413949929602,647.4244406000303,998.4204506186768,378.17235726852493,473.28690228934414,467.59370808250867,506.46966053362104,953.772449985124,97.83327930323583,18.497697544336702,233.53814388623124,1476.7015427494325,547.5607499647793,475.5865481117719,1298.1924782612762,679.9553183686872,268.2998665982023,767.8407445343311,753.1478298527568
1891,234.11996684567606,330.39501619273136,1402.0158322771117,1199.8647122743653,820.8859081716638,534.5291094784235,937.8913849619622,373.0201453166377,498.49912581219843,574.6095485529222,441.01049352562796,1070.5897453754724,102.30030989737516,41.72160707673389,297.20974467433166,1700.9415148588341,583.5021407181735,486.3750914434647,1891.5604765487826,801.8626221763818,307.3316420449326,633.608972746604,856.6230954025746
1892,153.70336305467669,271.5005211936796,1155.91885759889,935.1867878464867,608.8708155551764,552.9595769399734,962.7721704598627,320.22882236571485,402.2913065479299,468.494402696293,355.0251025968754,803.5037901786168,129.7085066850886,50.23532316796222,257.3756064638745,1232.8787669931442,458.4463327530514,451.98093507196353,1629.2990651900457,532.8565255496524,296.20443502518293,561.5694257664017,851.2286666570957
1893,147.1858149355393,273.0091139859334,957.4330337450866,729.7794070582945,799.9148347311561,653.7324444891732,707.4492806358437,275.4322243996472,404.0562533007166,360.0720711948674,356.9955095092069,724.7226995230765,108.55710582626457,38.33120028497978,293.3330193398018,1663.584208296467,449.3583335247468,544.4505732377256,1412.2187827381756,610.8261428227707,284.71531653173975,520.7569956036167,815.3950325317198
1894,132.9035064137894,240.8222406128445,935.7287125792311,869.0521784179718,793.3024105138803,685.5285037361557,834.9772078600757,320.80279134352566,520.9966991230856,414.7816506200721,474.76627826991967,729.3697433762663,139.93187749840044,72.13379475980987,282.77349811255584,1863.1488550675135,553.6391034309449,619.7784252484403,1077.0337802265158,525.1335483293327,235.11679419466012,436.89469299016,647.1781397359889
1895,156.66588492701186,253.26734575077512,1240.3645539681181,1089.6664384458657,859.449272153744,784.9228404289601,778.5117923007795,304.2233502734709,508.45169133877084,403.99027985499123,484.6927685774673,759.7059045171258,251.20897424414312,132.6791966983231,372.64441083526845,2404.9959904732086,666.9585495607864,613.5056071970175,1272.9105113815124,735.4195083492845,284.2136041849614,544.9284094803365,619.2371288342266
1896,103.74701331435325,197.86535930471916,927.5791070765539,820.1356958459867,772.1202220470511,632.8172913978992,881.6417968179676,316.49503949692337,557.796058830175,426.371928396961,501.29482911462793,790.54534880109,287.30021896711327,197.88420886064065,379.32720672798456,1700.0188290964747,480.64011405433644,514.9447350352102,843.5628664230713,484.49641903661785,305.654345727181,342.7502717807693,539.923852383168
1897,96.47045641010857,170.211489971495,1217.9141045470349,1031.7492929213454,816.3177182940791,574.9680042746967,779.8598497084348,230.50399370139422,451.7044749184476,408.78120865171564,458.95527076293286,674.4107214943665,400.73370491028004,232.36727230423833,505.23124470957583,1985.6301278530182,581.4334019557845,479.92728668123686,923.3718861948663,507.8196028968685,366.30719013444696,397.107050350976,623.6064558968393
1898,135.71837343140584,210.7063051170021,1236.2867667037588,948.9164902204701,1027.3174481649264,713.5084703868223,866.054156548651,326.029459041303,524.427632460071,451.68342624766854,455.4118684089489,530.0875257847783,361.14523924533364,213.7338579572666,560.387244450856,1800.181285193082,566.8900270845213,407.4193282363845,939.5218715491753,597.8325156075234,374.82813188877867,441.0422236114292,780.2233319784552
1899,175.626024909957,177.19996282940548,1077.4585235532809,955.4462905509566,810.5594931193143,569.0294516816159,880.9569296194852,243.8224615970228,424.72573384647995,304.9528280876344,331.87784792522575,427.50133095592645,310.5624559298843,193.60850125910497,402.34754105642907,1399.6825714132904,512.289460924396,324.9522069203871,787.647857896684,466.2475356304455,196.18617803137542,398.920377630628,628.8573138580492
1900,NA,63.02254774586876,1188.1754743288884,914.3291259007735,886.86406628603,541.0727328165858,666.8869212482845,114.96752563591455,450.3092936209884,299.4063462577216,266.63325169547295,323.8067822388882,519.6156549925676,316.2795262408871,355.11777958015625,1477.2789674791622,615.8027397453222,297.77271807785496,725.1449295757191,456.2154878097372,197.19148768052412,388.96435635213663,683.0362782840629
1901,153.2384073419454,143.5158063976157,1333.1584044957308,878.007602436295,1136.0165539791333,798.6657374920886,1075.8299219216601,316.61316338069827,611.5540498406075,403.38583742844054,361.5495622198506,351.0289967415091,437.2895911867163,341.1565418276032,555.5821784871902,2195.770632133109,701.79252890379,485.2529145476023,1234.6631916203835,568.9615932802984,223.04208283058773,389.7786571679471,800.3348656689409
1902,94.77556717349687,80.54038254155081,1160.5696713632642,687.8202955769493,655.2482629445303,563.6906291261055,889.1561722860888,237.82767449544272,463.1109695251015,281.6070247602779,242.05091749966354,272.7389370177247,302.8712087953659,355.82212465309107,373.62553022098444,1930.198296276753,498.7579930468542,355.6823237800063,1358.1331236139738,324.25602998835154,149.4015802341162,303.72415120081547,553.0443999416204
1903,95.1374786471904,126.81227241774414,1058.478277377353,791.7793663954197,888.4584245577267,791.540605353747,1063.3939274024247,269.85369832466785,457.1856116211657,344.85262558455156,479.76486634104634,414.6591285065822,300.636279781602,394.29595324454385,586.2441227862267,2183.2011199260955,706.7728957375258,281.4427194644952,1852.1677321061554,403.2598595630316,295.47275809616184,293.34338659555874,607.2409572864939
1904,179.35823698242166,208.16695577510544,1582.1889983938747,1266.8032552629338,1159.799352844604,1113.6016045550355,1128.1836210159377,390.04003767672566,766.5124791603932,527.184380013596,605.8690237746714,673.4493941423681,384.25353816807876,669.3618679407825,671.2427394624866,2142.8702959171064,982.9091510508423,498.5974576622557,2502.2870308844344,516.4614959683632,495.6189136673872,446.32324086211366,872.6593551028236
1905,140.3804969293331,162.47060567304976,1207.4623399478069,920.3983687482435,1019.7587762403895,824.2734875300298,852.0753258772379,232.6553563505725,609.1469615494268,397.7699264008834,555.7348598901547,614.564323921277,322.1514770697118,672.0871995677716,611.7871560155038,2209.7230734262316,778.8033320990327,424.7229064130917,1868.0161245657196,607.9773466044956,383.37640549919644,360.0029561564884,898.1734856796879
1906,161.37733142960047,168.79243256986845,979.6491203542124,1047.0378535700402,891.4457650120256,855.1657105705742,742.5820254402036,176.6278788071868,522.6001680134779,385.74830795265683,435.08827721434585,456.16585064581056,322.3726451925245,564.259885714936,483.79929962678625,2158.1497459471057,624.4905000695595,501.8609441108047,2244.3830085362265,813.486514994664,319.5929640126282,349.74722693884456,817.5583332329816
1907,264.38230055917586,292.26236456345845,1323.4697327520596,1222.2677236463794,841.6097382703342,1026.4739305374376,1246.131575602313,365.9327122901391,451.1656917783571,394.7147275452674,528.1871763886218,574.7556326113141,496.82999763534616,897.5404547599895,761.2581654472644,2624.7328036729546,679.1871989648846,760.8686079582192,2397.9057300133213,816.7437182579059,379.39098105885233,383.272732941628,778.5278144233127
1908,258.78084085782524,270.26870271420705,1125.2760770150405,963.5955818943686,955.8132285728959,927.8178681182267,1033.6289078059883,416.6791725828404,387.0476706741815,382.48387902631157,531.8163442220487,604.4546787620253,375.1312955798501,721.0432662071922,721.3674785690425,2151.4418173131603,742.320644931425,784.0636148382033,1842.143538267081,751.5431043253034,366.94430512459496,318.1519154624266,706.7565594557273
1909,157.29577425405662,247.92820903599923,953.6791446833121,778.5218453972709,697.4184894521967,547.4740420075403,777.5064826516308,260.4169823118148,289.1286258915027,270.25362306946977,507.1736914472905,534.6164457541933,268.93446831422744,716.2306604211578,717.7216602945517,2064.074439776094,561.2002886296049,769.0116161163238,1055.8324280444995,582.6124416786768,279.8772638452114,307.6825579443386,558.76618264160345
1910,120.6519233833199,177.77016189603205,1189.0513503607092,1005.5122818748905,727.0000400376638,522.6124202248268,654.2558338252614,192.28808986680122,414.37607100849374,285.45767487578297,375.4174946705921,400.12078018356465,324.34305210485604,694.1396091996452,400.7453288030983,1367.4347511427222,666.8419964733381,802.0998124217275,1418.1717866574625,538.364365789926,297.6370012752199,297.1604216696703,754.8681659898626
1911,196.6615009998635,285.60847132315524,1227.245891365258,1085.8223856749328,917.5508291670297,630.9725481917112,902.9766666877614,333.0716531335899,574.4185397195838,394.1457851157023,577.1611501061678,593.3133345753342,525.6060438644325,824.6294299776815,463.69404912160775,1887.2034016975194,657.4913600991935,1118.4965200685933,1383.243245375586,700.7979006696634,390.9495287499399,363.81810627500784,888.1898183858448
1912,198.0494566342195,257.0868940990096,1584.9759052368743,1262.0201804478431,780.2560045420527,582.3083355098092,1046.9797341059489,286.63734291720596,552.2429796556897,424.92396834292146,588.4856491445628,660.3074837538713,725.7691640359873,1138.4252130666407,537.9361667112418,2517.8218923971704,780.905685902815,792.7981848929792,1821.5554249710456,760.8736345064651,519.222327592338,397.67285118788755,750.6524628080105
1913,207.95489827098817,312.44772568130367,1344.5089787531506,1468.4008266401177,1145.973831894686,793.5512246520445,1253.7065838086487,364.87870795485975,563.4097707428746,390.8304623883689,679.8029511249881,663.5646870171133,759.8799487501345,879.8039651156178,540.4858833088952,2239.3552036534215,661.1183288177629,836.3814997762304,1509.8494293152546,682.4918402771956,409.671536009743,442.81376770878853,731.7570396337295
1914,200.88442984481892,314.14669898836496,1836.8185387192457,1578.7257066525572,1165.9345691377996,803.8455954593277,1334.1787937896165,367.69922983925267,574.7028538547338,305.2459386822143,765.9187181488649,806.1530952633892,930.223071453815,956.4720205523538,735.729897703459,2554.755712269834,756.2865950729584,593.1201266271386,1559.42658882229,731.1771016298767,368.96215008599575,432.71134821263985,822.4768106914418
1915,210.9105086394854,352.39873113847426,1550.1535497866887,1293.7329874895058,1081.0220321002478,1077.0959837610567,1172.7188384732267,303.95066003113936,475.46622511313944,262.5215352304546,662.0152535203628,745.4873703262435,936.3073939460222,833.8185884894317,591.5794895898183,2161.51376336057,732.368393564118,645.0993478771085,1270.0830779932814,605.3899308949989,304.987385606824,355.7589786407539,737.7348621349802
1916,164.60186212924503,262.6255219472884,863.4001390748984,1178.1123247409098,1037.685646399569,957.9947505115487,1303.8464025599417,378.42117140668927,315.22834933899594,204.7463896938769,607.6003554860646,740.1149327293398,852.9499452719974,597.6719802229248,522.6981857042698,1808.691231373126,501.69224058530705,278.70702058174925,452.81157216957274,338.3592677288469,217.4154903880084,189.2586520709446,497.07692681791826
1917,248.60396561578645,294.535621007596,1616.2099335581293,1866.8835804141006,1046.4343536212855,786.8558623887138,1046.372778405275,296.960616376902,573.0079646181222,278.6580117363532,626.800513147744,951.9343041235085,972.7941651840795,1037.6730800289547,727.2846683320791,1925.9863630060854,826.8546200542194,538.8974940632403,1220.1191884305892,783.747256457987,437.6979982316829,446.0307585860644,686.9456761821899
1918,144.86166469041362,246.55219145372695,1654.6140187926721,1482.4899272136718,741.292401655905,896.0277778972861,980.4423724992438,281.76944510046854,412.2473278264213,272.1966981257151,570.9254028480573,1005.953047324189,831.0932568624424,1060.9158391172732,692.2499412185109,1935.3074684092858,756.636254335303,500.6127893495335,996.5508888305255,633.7296099045019,344.9660370793462,357.5484298162387,722.7783678297696
1919,211.92932713704454,278.5728745754409,1749.8872142424977,1501.9527220211912,953.0046447405867,1192.1411067355148,975.7032799813035,289.02306837834203,439.5989759463701,273.05686619426797,726.3563277029432,1070.5642984749782,959.4235468504014,1162.9572817799926,734.9366455584276,2351.0108623139213,739.234030149273,552.4883380419351,1042.5397212086305,635.5617867400754,438.7871884046825,369.3956898721911,781.3455088743175
1920,177.7136132282674,323.49105217720245,1516.225919924246,1417.0643752470721,560.6900939826619,826.2944740840842,677.935274292429,256.377522477829,432.5658924727786,229.43962211035802,739.8039150566343,991.4938671360418,613.2681027924059,997.956751543007,643.4999630571659,2265.018245722066,784.267190042156,524.1005926648322,1031.5381778950243,755.6309446861543,390.59798453200335,403.75748783936024,660.9537093627147
1921,84.76613881989442,143.62450550342993,1417.7263088191837,1460.3520662616206,654.1549887010813,710.6229175345001,869.5303288198481,251.91049188368973,182.14608630321723,96.39631482348386,576.0659909071264,755.2753163977678,812.4519885338367,937.7025752434815,615.3739123481072,2329.654315454818,735.0073313931334,242.46560772993735,689.5016759651506,520.9891593007169,318.05012786045035,179.7091528818277,438.10232120619986
1922,192.67670487805023,269.4069638493273,1325.5045423137897,1602.5650541857924,666.5658504790877,822.3043372547597,926.6391425545996,316.59871205449184,356.417142301681,215.4205790529789,564.0984078525413,729.8312433370788,811.134090415656,1021.404656631605,605.3434353237258,2246.6936499329413,884.3806372933674,567.1605182119955,1094.6716238615647,771.8688946347637,454.31199682092716,404.9337001288642,495.41659510049595
1923,148.65608029741938,213.84192874455007,958.2765513725758,1514.9001678244308,614.7264301022026,916.0570018602479,836.0139334357604,353.3597443312074,427.3473929159006,215.94899493731268,661.0460721867303,743.1676183108327,948.5866229918433,1130.0082580291426,487.97133467075355,2208.8899230545,884.0504559054751,528.4133710596803,996.9897693242318,655.1932850730926,487.6326709826966,349.34541723845035,428.83870694855966
1924,176.56661775044176,233.53563061210838,974.2078818781949,1578.4693526920244,682.229517290621,790.5758222498297,914.5490373865246,338.14972349885244,297.41331987828426,156.70672563150856,539.9521267170502,658.1708865901651,926.8185274951196,1271.4016044299935,550.2637762839281,2188.5691592932853,834.6850397432917,530.1123443667416,1014.4956660678304,645.1298213258484,444.35471890537434,316.05678732174755,441.06735635265795
1925,136.47078487194062,215.35868967770324,1404.0339913977775,1551.321908094559,815.7786209947229,617.8406908997059,747.8309984458216,252.06160249032737,412.32618180202644,224.34741457815431,471.95518116348745,641.2194809499251,955.6473524807865,1289.0001781568726,407.14883710891036,1856.514439701662,792.1572999916469,531.811317673803,857.4659847115327,682.9580526269883,579.9402029675333,361.81094272862936,555.5162050414648
1926,159.9306280126224,241.5545458603963,1049.0443887978881,991.4756458986511,643.0478878743143,586.1693528810712,632.7057648586967,200.12699185603844,378.45038821836755,164.88083555688382,355.45078840143674,554.5639883081619,1015.223573085667,1063.8164716143326,484.32708719258943,1793.6982945931345,690.7683661230778,389.70577221838374,976.3846914278674,672.964332236654,513.055067054076,294.44514313917267,534.2595608287456
1927,169.90644132483143,178.56812643004386,1096.0953936521719,1157.9985919355663,646.0393123990625,626.8646016378773,915.3705638654385,301.5523681993888,291.2265814655699,262.9371679385245,475.9135879070106,546.5790022605327,1098.270632405517,1295.3037838163002,532.1452689728795,2023.2538414724095,695.2017816758238,462.66706248314927,891.4002119185483,590.4601401273441,346.59149711831355,294.869886465938,638.3766537576918
1928,143.01629316569495,147.0494698143735,1305.1872343044938,1517.9456277428208,630.1761544540263,683.1182738523215,822.2930275212068,285.30687842841064,256.491248131889,195.82300992062042,510.13432836403354,468.5826814498588,1233.8466916897153,1237.6920010977094,565.3823767700636,2484.454408504863,783.2204113699798,629.2022607314134,1187.2760363521659,700.8616750005312,582.1889549889729,283.9292900498115,548.7482719878363
1929,245.9103640745986,243.67951913128445,1437.8001433978266,1371.4635295616858,974.2791960314312,882.0231861661134,684.3887339214332,292.7439707172538,230.4069184883983,196.24775324738576,657.3707229412955,510.03222660279187,1065.4255953715012,886.4880176453954,752.0963387916003,2432.175793475006,670.9436598418649,756.0528605795314,1044.0891547053807,593.7544141838983,768.4411028904321,341.2335108476162,573.1521637209219
1930,233.60882972093702,296.1943819286915,1163.4586799675053,1210.7182865739874,1028.7333639738993,703.0142942867709,588.603773028338,264.15767668444414,239.71828495437308,204.24530566562933,653.5018515883999,592.0761753883506,1033.9022263668508,1067.7133031418455,719.9220317891259,1719.431358421537,717.2837222786412,759.4011700297275,1165.4557904173926,802.1353124187134,620.4491552799816,318.99480477138474,540.1952859884382
1931,221.02455202845235,316.97381821733046,1388.3404794560354,1269.3394630121768,824.4180007920949,791.8462823189413,667.1080893710972,265.3741013599141,338.15726332122097,174.34802501847668,446.0857364575024,624.5385664371594,958.9774406935913,1655.4836116391864,601.6325860813056,2000.0509806107918,747.382379014889,794.166976812148,1169.3771263676033,731.5889644267625,575.7436635008681,422.2844021953754,495.43701545274433
1932,193.94213839891617,311.96769032383503,1524.7716802605407,1427.3889053438295,1032.217076067465,791.1334549458418,746.4172817517062,242.30475818607354,294.3989617271649,NA,676.7823097885614,728.301601874046,1139.8175669307116,1822.4715133888328,699.8010733206794,2188.3464203741455,726.5231462728489,850.4099676115702,1173.2984623178143,782.854729985102,683.6290968177952,365.9126060971562,635.3918265775161
1933,180.6943563379934,221.85299001120404,1401.757279201721,1530.0357329108956,1302.8285265401785,990.7524512697947,881.8576242332692,261.5988494680953,393.5963205605894,NA,697.5765115626724,782.4824512556515,1791.956595625984,1766.0676730455461,790.1696143197205,1953.1344359220816,903.7372462691953,1066.1626130080333,1207.0737249365582,846.8982953433873,1048.7176631619147,400.95361639603135,706.9302895294707
1934,100.24665077972351,111.19887108866824,1286.0385987623335,1164.9280028515896,950.1316582588788,744.0899899139268,508.8890010361505,115.96026891444893,367.85505283487066,NA,793.3099503362487,694.1210738029891,2216.5129976284356,1820.5896993893323,591.7290294001291,1517.103995070924,780.1454204806461,710.7925635377941,1196.2179515220782,862.2289533336402,820.4661913931444,321.3170700609183,581.1946409141117
1935,230.17569726909406,183.54692246745296,1444.6400189232222,1465.733928636485,1183.6013154252619,1166.3580558275034,732.4673537327062,214.20478269603967,486.1036578381945,NA,799.1005339153454,923.1570012573605,2027.9106242628254,1698.1564929714268,598.2660553937187,1654.3516958060975,802.7422681193871,927.1785540132211,1561.0950886806113,927.2332177253934,984.125261567047,321.8096717890012,641.1283747629711
1936,139.7660014062909,131.40653751435386,1381.0230818472942,1316.3775873365807,694.6124188940105,989.248256707256,478.6860434238035,128.89232091368595,478.883335442449,NA,830.1372702179551,783.5182343535402,393.8718382363092,774.432434240093,569.0454738041493,1482.9068165588033,737.5831232098114,706.5492143405904,1130.0073155513467,781.6072035423615,855.4578786873583,241.68052372580524,514.2711775702805
1937,169.3868218999277,210.77322104052354,1218.3243965475936,1265.5164589120236,737.6522382481907,878.659482911915,647.5098919202078,178.44968838700348,462.4785669239339,NA,683.7836631763518,693.7431402067623,663.8285808000148,998.5137559204884,713.4170500406028,1946.9027727344205,618.0392395554129,1021.8077229690606,1224.3776172725304,883.8478231793182,968.4964664339685,276.5456048360794,538.9477595456975
1938,199.40348306791668,211.41661921597876,1433.3353119185447,1399.0944652685387,851.5491091077619,886.2621371336024,761.8412450437708,203.70620836627333,473.2294111437834,NA,815.7484617052484,884.180832000599,968.1933027428971,1181.399687293626,881.3156995005249,2176.185001052834,781.3316858666417,1614.046318697602,1517.2635879777265,1112.3955471353224,1002.0313972147127,311.54640274898867,516.7593189519235
1939,39.0311471281996,92.69708947388189,1609.0989385867285,1535.748719151449,916.6900327799463,738.9267823877522,505.75714731978684,136.18427162193322,328.6156181137381,NA,812.9515017657575,700.141936123594,1102.9205036920953,869.0361562954387,745.554286249765,1687.868719508716,768.2752267983225,1606.0509653942158,1355.64906630278,865.8439840001259,804.1079184459022,254.19128815019593,447.2710593657017
1940,127.128944957226,225.63421092906472,1378.9628253850697,1423.362640198989,952.3738129357457,867.2881741429813,800.5598037029379,173.7652595812358,375.2484769858289,NA,637.175308726959,618.8783589531866,969.7012672166202,1598.0518421796455,779.8611063454963,1784.2989635328588,673.8009383603049,1486.9048073697616,1927.7440840957688,1045.4859067991667,840.8249684254675,254.4953943190634,554.4587449542665
1941,122.63992321451155,219.69251674333037,1377.631104259213,1583.3626974092558,1213.6277155304767,1081.590974529813,644.9950470010093,124.41963545277015,413.07388085358076,NA,910.0047236131071,705.446201159915,1273.571816635093,1651.060249182932,770.6113150955318,1714.1946376272679,940.185690076879,1832.8789815316445,1983.9770217986995,999.1216540989582,1339.2732004366778,289.5684488630052,650.5971350208907
1942,118.10377758199326,334.1712105623463,1499.5915009827531,1993.7234988471964,800.3144453166925,1134.2808240380248,715.2643065209136,137.15188215923888,506.5959525582954,NA,776.7616110334646,507.12845251307886,1252.7361458379548,1379.812626197866,696.4072107770063,1933.2104553130152,828.2372349810643,1321.2772152391194,1839.4518216814852,1053.9342777632003,878.2966289604252,348.00050142344855,747.5649055480624
1943,118.46568905568678,355.9364786256818,1307.2644553670475,1593.4962186726752,1010.9418964580896,1451.1745316426886,729.1711947205597,137.45598832810637,323.3688442229778,NA,711.2663157099554,476.74768075653867,1136.8041512573882,1309.0614463649008,729.8444380262238,1362.8178665790067,658.9955546617323,878.1895006509378,1521.5235876159943,892.2248799901157,791.7039681717338,278.80755154666406,571.247101935785
1944,148.59104932949006,452.48327573727255,1440.9244572918212,1683.61877296694,1329.5019048062175,1512.7663980941124,915.0831081376349,181.65662616778795,314.86675202456775,NA,768.5444612887351,520.5722699555856,1531.04135671931,1771.7272522109886,796.9805871927032,1616.2966415153685,883.7275001806859,1256.3219596927622,1793.1566840196551,1113.1991665361106,888.2664732465923,337.3753209097426,536.8589145903258
1945,184.04109499186262,475.75650827433105,1405.2014072278519,1588.6641350121886,1150.7653890099416,1219.1713699270015,896.077729220478,188.47670965946605,408.5528148657997,NA,889.2592165251268,618.1372572462047,1611.247787961784,1653.6903905525169,640.3385783698585,1441.7789704935979,889.5180837597824,1698.5846920501112,2382.835195894786,1066.4503828951022,649.6508873136294,302.9236733926808,466.30691173159835
1946,44.89681477171709,163.82526042527766,1738.082679846634,1579.6898614379436,715.1848242267779,740.9964636279369,842.0998267242944,119.6610650603777,195.4199435831648,NA,868.5847094311179,459.6385671650886,1151.0694951788087,1415.3443532692318,592.7277417047052,1276.3772588747486,680.2801590490685,1585.6284140310245,1749.2680063304754,1044.9260749882972,571.402924931403,233.3072368261924,539.2339586364396
1947,155.03414170273734,280.70538766869765,1461.2854334390022,1693.1978031270005,1110.0362110524763,939.2378715732909,729.4354026627265,138.83828909568587,522.4745043073343,NA,892.5896188971975,621.8179471991506,1969.4942796656503,1631.1246446810464,732.7051722965828,1170.6667501519019,871.5082755545486,1504.6532350662171,2042.659459293634,1334.6871034809674,696.5539231539288,303.6751423554195,769.1020939847474
1948,110.39053929889958,212.94186244929656,1682.2550075960169,2080.386217152063,1223.7021748520085,1133.024186976589,871.6270277568541,240.5278733812032,496.2996967954201,NA,798.582799446034,742.5019148275371,2090.157198623258,1739.5856177721114,910.9864713173539,1565.3378095592843,1075.7139971527424,2100.896104791024,1845.7384627405838,1315.2437865479,770.818974369934,339.21566588621545,771.6756866865682
1949,171.2017199759065,289.4650904647021,2275.122236014541,1611.4246596281812,1199.7666945835736,963.9964491169665,921.9358641929105,241.43516533955992,451.002014801105,NA,702.7513429816654,691.3715519125673,2545.6450935744238,2165.090152437416,970.7568423482264,1423.5143791241571,1169.796843146123,2678.488281409264,1966.3545719676529,1505.3585226169475,746.3252330869559,292.85141318600654,786.3673447310807
1950,166.8609814064415,290.57344435288854,1915.8050895343317,1750.4329088864263,1315.8573395931464,971.3251564592608,761.4953556926102,178.48016183574336,499.66308589035333,NA,660.4884394907183,759.1344488134375,2403.762915356675,2120.595147366094,864.038510702108,1431.5373784428948,842.761131977875,2146.9267203514214,2281.9222133132366,1553.2662397878655,596.6528475661004,222.82971116720506,922.8114260654658
1951,126.86536533358982,208.2310442652387,1546.7766518433452,1637.7449228799567,857.0600909406892,905.9096575891527,552.27345310442945,121.39208261250567,359.3353677176005,NA,599.0718739093643,598.6226261599012,1577.1360607698407,1720.7985795443794,710.912572377161,1324.611073363109,837.9673757477623,1683.9062286947433,2100.1923880366194,1296.6508987461598,451.8866872923559,152.59312421089808,840.9588002725104
1952,147.65579719651632,215.7661542448738,1569.344910988938,2000.7144849792298,773.6149918316289,866.4339751004702,636.2403707532508,172.89472425692605,398.21571839842784,NA,703.8197986431514,633.3337692301493,1786.5257244057236,2475.499612805071,589.0131225511007,1190.2636909657297,842.7231187067666,1513.8942298567515,2127.0891335403285,1489.275767345426,305.0433059560578,223.21172883388158,794.9438926753808
1953,122.59751171368809,153.49067723202867,1190.0641998322267,1771.7636946857701,721.9756909067777,596.0905024811077,484.29504294752275,154.0687302802892,199.52349190728378,NA,418.4460042912193,394.1668337864813,1788.8872596034266,2115.6725858371838,514.457159855373,1208.584516843669,837.710707627964,1059.46473747058,1598.307881980913,1122.1291436539393,125.42243182779605,223.43855182347076,613.3017178337994
1954,117.82888822480413,132.80486040446667,1208.3347602277088,1536.8357102095908,812.7425858542938,728.053101895147,449.80192640743365,154.43064175398274,161.72196414369935,NA,709.5978158516336,636.7593618596236,2439.610058330461,2159.596135204818,474.4470924563149,826.0428325125317,930.7800758312964,1862.4316294646983,2014.5792758373175,1422.3472774533489,62.771534492846946,247.22229316673761,824.2869963784403
1955,159.33875195668608,238.21691782522257,2126.3175583846073,2325.1634087565117,926.7421867936372,1076.1462803018765,640.7529544408671,180.6264979366759,438.51104241043186,NA,892.1007870802989,937.0004292854043,3100.744409270758,2504.2505262929285,731.3467476331705,1217.9163036618922,1114.5224053618024,3381.4755579992143,3329.120602267875,2200.969339656269,227.8839054283003,259.2919779825643,1136.4522928801862
1956,123.77372400319211,126.40889192102323,1921.0540625399494,1744.4557147037062,742.3655697063715,616.0638060948356,547.2717234406491,135.7931433365613,363.25104880103487,NA,594.730821180634,619.7985314414232,2421.4189802291153,2521.030086815017,825.8364298751906,1001.7913795359784,654.6714665333313,2129.340084676626,3138.086322029121,1753.7051917944057,70.83003380857012,212.37417665679288,967.6796523440352
1957,207.09378772463913,267.5317471943996,1672.9483535190222,2122.9705055714726,979.3324478147305,788.0396145005864,931.0210359878266,226.9376577210391,354.56360263606297,NA,435.8230957360205,555.0565900362446,1570.8088931655109,2332.190209044796,989.7085000310069,979.3522398484481,637.4467423322292,2541.058682459448,2908.874779545414,2230.874788444321,189.12890429435132,236.21006843810937,809.3198206582077
1958,239.40066993709522,261.36323001907607,1659.0097352335754,2400.5713713798923,1163.6660250826426,1152.4291764792824,970.8755945505321,364.701207969932,365.0417566135811,NA,694.3614056409887,802.0410646391057,1777.098433170831,2744.3194129874423,873.3743815907807,1153.612928591155,880.6914650402567,2515.1223218299415,3096.7457901412686,1915.5902045968257,292.28278491570677,307.44882345091156,824.4871158304741
1959,193.5261915315809,212.54759257127105,1048.771384396291,1494.0355943748796,584.3814725019132,646.3965114837758,721.8248944594053,287.9332498868117,163.6018931876075,NA,496.65563924307185,570.08314185763,1352.4603497593862,1730.2158176827797,368.3275483699706,736.6506985102262,552.903028272209,1414.9921807327646,1946.268485177661,1177.3856743601343,197.9753150475948,296.02442176613226,613.889509819286
1960,273.43668474608705,248.68690366184126,1651.353045618246,2264.551719213008,924.9766117223198,859.9921393642842,893.3659064418994,315.49632719234705,289.15218783640455,NA,661.6467447020966,762.6530325854583,1913.1042623300405,2265.5516881546455,422.79302604599155,738.6211054225578,726.6730002424251,1863.8440895217525,2482.886125452191,1474.6296623943902,309.62563300058383,367.6156634746672,565.1049741387516
1961,216.7921984055362,199.50369987356626,1251.8857167066283,2146.6468044459866,645.4606310322713,990.4583981974187,848.2425828398585,369.90871195252237,212.40433594626737,NA,645.3311974149435,664.0676560009529,1772.5095087817322,2061.0594533064436,508.4306426679917,846.5511493551659,851.9019099627598,1667.6880707798516,2067.883935027837,1215.5842994351326,262.73736264575626,391.9963074221161,490.7868300069007
1962,180.58000236540278,157.0984822354112,1373.7458966245188,1821.952836441725,408.7111511355406,628.4771811469649,668.6361600378033,371.8791188648539,115.98508749641228,NA,367.2622343011383,417.56510171115275,1754.1230236173333,2398.7894600267764,228.569715104579,450.777076767108,907.447467193085,1809.5083596223246,1922.2726863302773,1136.0259787570942,239.44590887130687,368.8622474396116,643.2401533447141
1963,256.1730047960803,214.71529150224802,1445.645328572371,2347.010986547371,637.3914503015261,1108.6630209035923,878.178190917385,521.2580796318642,251.611412263068,NA,717.7986293145646,678.9610042938261,2353.4716718394784,3396.0117072073745,267.3793799507005,717.4329479296869,1107.8562599101504,1424.48356045779,1981.9632609077482,1140.1483766371346,296.09542176010336,309.8339205935169,505.6456207805843
1964,246.85755425965593,179.36137857507526,1739.9673212795226,2251.9485919646017,639.3618572138575,1067.67371907441,942.7671367603335,430.5540165374197,213.23371640681506,NA,926.5420673416037,726.7182391766368,2724.1755208926247,3667.2263434695774,483.2225032155872,519.2854736046752,1166.991400906467,1644.555895752939,1608.882168693631,889.632123573108,329.1104189566784,358.02846517370716,164.5512824875223
1965,524.9051545434166,280.5878921034534,1961.1077980768925,2114.8375505098593,824.9319653502224,1243.493894410359,1143.6336595270272,541.8116354087101,252.395553789404,NA,735.4861101135403,695.048786113594,2656.233867369765,3068.1280801819225,431.6246713137632,480.18866719001556,1561.4972125402708,1667.596650433632,1823.011239006719,1161.6692287920205,362.4345488703669,466.2824073089003,177.32782565040662
1966,256.4617171609452,129.82443145400603,1671.4564111678324,1974.039535916864,655.3811523137772,1313.4068973233466,926.2436160395127,415.833455840494,165.2575125160493,NA,729.143548705208,594.3466043991001,2436.08267809901,2358.7193882080346,526.7646632350765,641.5182464112814,1396.35216904122,1583.219440784252,1254.0684952823422,980.7753813205242,282.7731839532905,611.1959082780983,88.71009423721108
1967,373.50772049647486,368.94141557448205,1363.0330656757772,2107.330086545576,819.2070410575855,1233.7100324092844,929.7779077748012,397.5509573929282,272.58468481843346,NA,1040.5001992579198,756.8096702497813,2481.1183512660164,3098.7689758101797,905.3039585255407,669.7875537453439,1333.112223083723,1713.7485314704581,1519.678530250541,1069.4531171534034,283.54287415342003,528.6194595377558,317.07309254518384
1968,387.5280201909153,275.9600119654503,1223.1024448144385,1338.5336695260228,671.5619252760913,746.8118657889971,833.5905088627811,461.87098290472954,204.7617834978794,NA,847.3833572491018,540.6087195816506,1773.5320971904762,2126.728478703697,668.7366910027181,295.2041519242799,1065.1255732730835,1234.1938376779374,1489.33640008364,1030.0000541318268,211.13010596597135,734.8709862719675,279.349162120143
1969,317.83272964882184,284.16553781736144,1281.950758401482,1785.769228894739,755.1242057911302,912.9216923919649,1036.5681818926869,471.6485617204972,224.58083491231608,NA,942.3923447567602,680.6012298182653,2051.196109011233,2044.7834900867258,458.9200849252127,429.9307245549476,1254.1731103177067,1307.6464730337239,1511.4780309468752,1234.5466385329353,211.5548492927367,821.9562487887421,355.9751202153209
1970,489.0489009509349,336.3979714352108,2055.0775467347435,1945.0715383766435,933.0278853749398,1030.5614567390232,1179.1716697837,544.5862900403606,224.91321541506585,NA,1150.3506987796673,729.1583141906799,2337.4555183322127,2227.927032057458,620.5009915587658,484.4411270059147,1392.7757799643734,1436.8686611760368,2116.805129988803,1528.0442773277855,203.8186773832718,946.4098134421708,445.6616214492677
1971,328.67468005562563,183.3826171716702,1595.0079530575822,1592.6354222855914,761.0461079431469,964.8949446158932,1033.1730627119523,499.0366523152275,215.44539763494228,NA,1056.5653616105822,696.7549850837588,2099.4258394291437,1686.1455559382225,648.4124714895844,363.8652301648117,1294.080133477727,1691.9992855296564,1682.220764236093,1244.92143411215,228.74313101905716,938.0258451275358,344.32201058536026
1972,325.06718921150843,176.41676378086555,1685.5373436004875,1574.1691406677905,716.627129414041,1011.865524698245,1050.0751453475307,410.01428376824964,205.9361108317913,NA,868.5859660681793,535.7106624754387,2268.134077315896,2791.579019593924,442.62998453855363,337.3206571975701,1456.8542170011137,1479.6332770137626,1492.1610060384826,1045.8336811059194,237.43183382109044,598.8651571127582,280.897338979832
1973,413.5290976290859,198.9014565618731,1517.0226278211962,1377.4982148899662,742.5773130512233,1049.1552870185599,914.4145772209512,312.4552655036722,235.6948472429206,NA,934.9294914081579,607.1869218928522,1908.000116745753,2224.801775685667,541.7717371820096,432.3434677129045,1390.429952729938,1417.1887823161542,2103.6192373031554,1370.2961137316115,270.82382213609634,796.7408836732342,447.5088779295785
1974,318.0846853796398,191.967647416135,1359.5515526970692,1466.321720621972,602.9605372959779,1055.5647643504137,841.0747250414282,335.1026927841357,186.84842218711046,NA,867.6299794236917,550.2653470802549,1697.0867806728795,1846.3733786158743,349.190222561363,270.54139295653863,1277.750134864367,1241.9070759610308,1252.0440529763691,921.4972978584692,255.03354914062334,614.684018601379,422.64191543935385
1975,507.03326225567497,377.785627212868,1587.0085156837465,1639.2180156752247,877.7898900654012,1199.1295795934252,882.2317879183117,379.5468040544705,275.769003132112,NA,872.0633949764376,516.399920752353,1803.2983734239742,2032.1112477999409,358.51352707942146,419.8358448811674,1263.622392701174,1541.8182761581845,2243.450583836641,1379.5688386079473,255.6373632486433,628.5959333492706,461.84427936717407
1976,305.3251068170848,208.10663719615656,1442.3629925679002,1356.6251591402504,678.4812830956229,1132.9277400821238,1039.4804382825648,338.05578987851004,197.27945227482465,NA,845.1170123088021,541.1732637815006,1853.6904620653504,1840.1878968402214,155.18870806129397,271.18227785787093,1441.0510634757609,1563.5414468799618,1639.4071395529709,1075.197205161227,281.0707548943102,617.8570271815046,462.6585801829845
1977,603.8417540353099,402.73961181959714,1714.6432570582008,1781.0065744318968,1231.2049264273116,1825.501265343954,1159.8131758522798,513.3120493331396,316.1698846572768,NA,943.8538136592102,554.3110900995478,2269.1748869620305,2438.2557177374983,499.77052835910604,815.054798047336,1929.811252061831,2139.4085749721157,2604.8578319092844,1611.6637348291194,339.9043029958823,607.0238732341309,579.4683357509641
1978,370.23543758849564,217.04226918076193,1260.6394504765906,1300.4695046165982,876.63786803933,1108.437140391799,866.7211166690084,414.38769490131193,217.74001690912425,NA,843.2537337059579,425.5174151951846,1498.2981072872701,1572.2791585273908,271.34218492393865,626.4071857475146,1487.9902276315768,1381.8794800046628,1725.6155835601285,1395.869934568894,299.32340821166684,359.9696552743603,529.0677648094231
1979,578.032942067539,405.555735474275,1801.6757408183948,1798.7804490288465,1133.7530364722218,1408.5142166810622,1116.641409606649,475.0386543529858,337.1054581007992,NA,910.9827014061696,497.466170147698,1830.4288534211103,2061.4000019500927,321.55928685451005,996.8100702244467,1602.7516647894158,1402.1292437719064,2133.0242303814903,1640.5145509633614,358.5923810550265,472.48422536635195,504.23975806810296
1980,406.8497574882886,331.80747624978534,1556.5397793329064,1752.3854087206323,969.2692982267516,1331.494931185655,1108.2235120913551,433.4873215980765,327.8851978217785,NA,787.588481795531,486.6908215051503,2544.187394583158,2141.927503961764,305.9524828700067,1384.6692142810502,1673.2072207536783,1206.6279329390131,2490.2223726168545,1588.0524669225347,410.04475721698947,548.2204844220332,518.1617259124861
1981,446.4947718209996,363.35911958831826,1749.497970912718,1890.3129501060425,1083.0373637875257,1329.8182631864338,1217.727493943412,502.32558566427076,468.1692478566464,NA,919.6283643888486,487.7470249552872,3305.5988697519183,2480.904408806307,364.95504865634194,1446.302863914767,1886.1654194847733,1847.1961617318493,3221.428376899144,2078.04290319175,403.13922240513375,762.0451344069885,688.1127778529985
1982,350.96082418092624,281.0773522388827,985.5876729472931,1113.7750204695135,794.1270785854475,1105.9662777697508,854.326277013535,378.65082182966665,279.5690736058943,NA,816.562762521059,453.0013243658494,1756.5137756267145,1740.3559362907718,282.84386978799625,995.7541809335752,1653.382514472465,1435.7508825098896,1756.8335897588504,1301.0642081059225,320.17855688325733,538.5842772756772,494.45024120025175
1983,297.12931990239974,243.78758991856796,959.8825335370908,1232.439258180907,747.6723480168152,1391.2935765504099,975.8490498804302,432.60861813286743,260.04093367118014,NA,874.2791602750146,633.3328267523533,2017.8496737897044,2233.9312439369987,484.17471994889024,1318.826458810054,1415.0578400192242,1150.1179067640364,1762.50416449858,1396.9808017312034,312.6245973477007,652.863165801925,586.706565224835
